<?xml version="1.0" encoding="utf-8"?>
<GraphicalInterface>
  <P Name="NumRootInports">0</P>
  <P Name="NumRootOutports">0</P>
  <P Name="ParameterArgumentNames"/>
  <P Name="NumModelReferences">1</P>
  <ModelReference>
    <P Name="ModelRefBlockPath">$bdroot/FixedWingModel|FixedWingModel</P>
  </ModelReference>
  <P Name="NumTestPointedSignals">3</P>
  <TestPointedSignal>
    <P Name="SignalName">Rotation</P>
    <P Name="FullBlockPath">$bdroot/Coordinate Transformation Conversion</P>
    <P Name="LogSignal">1</P>
    <P Name="MaxPoints">5000</P>
    <P Name="Decimation">2</P>
  </TestPointedSignal>
  <TestPointedSignal>
    <P Name="SignalName"/>
    <P Name="FullBlockPath">$bdroot/FixedWingModel</P>
    <P Name="LogSignal">1</P>
    <P Name="MaxPoints">5000</P>
    <P Name="Decimation">2</P>
  </TestPointedSignal>
  <TestPointedSignal>
    <P Name="SignalName">Translation</P>
    <P Name="FullBlockPath">$bdroot/Mux</P>
    <P Name="LogSignal">1</P>
    <P Name="MaxPoints">5000</P>
    <P Name="Decimation">2</P>
  </TestPointedSignal>
  <P Name="NumProvidedFunctions">0</P>
  <P Name="NumRequiredFunctions">0</P>
  <P Name="NumResetEvents">0</P>
  <P Name="HasInitializeEvent">0</P>
  <P Name="HasTerminateEvent">0</P>
  <P Name="PreCompExecutionDomainType">Unset</P>
  <P Name="IsExportFunctionModel">0</P>
  <P Name="SimulinkSubDomainType">Simulink</P>
  <P Name="NumParameterArguments">0</P>
  <P Name="NumExternalFileReferences">3</P>
  <ExternalFileReference>
    <P Name="Reference">robotcorelib/Coordinate Transformation Conversion</P>
    <P Name="Path">$bdroot/Coordinate Transformation Conversion</P>
    <P Name="SID">189</P>
    <P Name="Type">LIBRARY_BLOCK</P>
  </ExternalFileReference>
  <ExternalFileReference>
    <P Name="Reference">FixedWingModel.slx</P>
    <P Name="Path">$bdroot/FixedWingModel</P>
    <P Name="SID">232</P>
    <P Name="Type">MODEL_BLOCK</P>
  </ExternalFileReference>
  <ExternalFileReference>
    <P Name="Reference">uavutilslib/UAV Animation</P>
    <P Name="Path">$bdroot/UAV Animation</P>
    <P Name="SID">228</P>
    <P Name="Type">LIBRARY_BLOCK</P>
  </ExternalFileReference>
  <P Name="OrderedModelArguments">1</P>
</GraphicalInterface>
