<?xml version="1.0" encoding="UTF-8"?>
<sltp_editor version="1.1" packageUris="http://schema.mathworks.com/mf0/DiagramEditor/R2019a_20181107 http://schema.mathworks.com/mf0/SltpSyntax/R2020b_202007092240">
  <sltp.mm.syntax.Context type="sltp.mm.syntax.Context" uuid="4b1d60c5-7d82-4c5c-8286-f068425b58f4">
    <rootGraph type="sltp.mm.syntax.Graph" uuid="8eb4e1cc-06f2-40d9-82f6-777671c368fa">
      <children type="sltp.mm.syntax.Node" uuid="7f0d89ac-1fd4-49f4-9d4e-29ab257be8ff">
        <priority>40</priority>
        <rates type="sltp.mm.syntax.RateData">
          <color>#000000</color>
          <hasBlocks>true</hasBlocks>
          <rate>0</rate>
          <title>Cont</title>
        </rates>
        <rates type="sltp.mm.syntax.RateData">
          <color>#808080</color>
          <hasBlocks>true</hasBlocks>
          <rate>[0, 1]</rate>
          <title>FiM</title>
        </rates>
        <rates type="sltp.mm.syntax.RateData">
          <color>#e60000</color>
          <hasBlocks>true</hasBlocks>
          <rate>0.01</rate>
          <title>D1</title>
        </rates>
        <rates type="sltp.mm.syntax.RateData">
          <color>#00d100</color>
          <hasBlocks>true</hasBlocks>
          <rate>0.1</rate>
          <title>D2</title>
        </rates>
        <title>Cont</title>
        <type>base</type>
        <diagramElement type="diagram.editor.model.Entity" uuid="b500cecc-c356-4f82-afe3-a64619c39747"/>
        <subgraph type="sltp.mm.syntax.Graph" uuid="618eae89-8505-4c63-a979-2c2511123f42">
          <title>Cont</title>
          <diagramElement type="diagram.editor.model.Diagram" uuid="66ca2fd9-64ea-4f59-87db-c6a4b7bc2093"/>
        </subgraph>
      </children>
      <title>Default</title>
      <diagramElement type="diagram.editor.model.Diagram" uuid="fa2664f3-b062-4818-a457-e4cc03c6a20d"/>
    </rootGraph>
  </sltp.mm.syntax.Context>
  <diagram.editor.model.Diagram type="diagram.editor.model.Diagram" uuid="fa2664f3-b062-4818-a457-e4cc03c6a20d">
    <entities type="diagram.editor.model.Entity" uuid="b500cecc-c356-4f82-afe3-a64619c39747">
      <position>3.51912e-316,3.51912e-316</position>
      <size>0,0,100,100</size>
      <syntaxElement type="sltp.mm.syntax.Node" uuid="7f0d89ac-1fd4-49f4-9d4e-29ab257be8ff"/>
      <title>Cont</title>
      <type>base</type>
      <subDiagram type="diagram.editor.model.Diagram" uuid="66ca2fd9-64ea-4f59-87db-c6a4b7bc2093">
        <position>3.51912e-316,3.51912e-316</position>
        <size>0,3.51912e-316,1.96085e-313,3.51911e-316</size>
        <syntaxElement type="sltp.mm.syntax.Graph" uuid="618eae89-8505-4c63-a979-2c2511123f42"/>
        <title>Cont</title>
        <type>graph.Graph</type>
      </subDiagram>
    </entities>
    <position>3.51912e-316,3.51912e-316</position>
    <size>0,3.51912e-316,1.96085e-313,3.51911e-316</size>
    <syntaxElement type="sltp.mm.syntax.Graph" uuid="8eb4e1cc-06f2-40d9-82f6-777671c368fa"/>
    <title>Default</title>
    <type>graph.Graph</type>
  </diagram.editor.model.Diagram>
</sltp_editor>