<?xml version="1.0" encoding="UTF-8"?>
<sltp_graph version="1.1" packageUris="http://schema.mathworks.com/mf0/sltp_mm/R2021a_202009111111">
  <sltp.mm.core.Context type="sltp.mm.core.Context" uuid="2c60d323-69a6-45e3-a345-e9ef0d5c82a8">
    <priorityDirection>HighNumberLast</priorityDirection>
    <editorState type="sltp.mm.core.EditorState" uuid="cb21f8cc-88db-4f5b-8af6-18cb810f88dd">
      <isSynchronized>true</isSynchronized>
      <panelState type="sltp.mm.core.EditorPanelState" uuid="c5a1ce47-b103-419c-919c-f4a4355f0b8d"/>
    </editorState>
    <rootTask type="sltp.mm.core.Task" uuid="fe7a0d15-106d-4f42-97a0-25182d0ee02b">
      <context type="sltp.mm.core.Context" uuid="2c60d323-69a6-45e3-a345-e9ef0d5c82a8"/>
      <explicit>false</explicit>
      <name>Default</name>
      <priority>-2147483648</priority>
      <subgraph type="sltp.mm.core.Graph" uuid="542aaa8a-cdf2-4f31-a9b9-231e5cded4cf">
        <tasks type="sltp.mm.core.Task" uuid="92caea8a-1bc0-4f98-adb4-6ef076f1d33f">
          <baseTask>true</baseTask>
          <context type="sltp.mm.core.Context" uuid="2c60d323-69a6-45e3-a345-e9ef0d5c82a8"/>
          <explicit>false</explicit>
          <id>1</id>
          <isTimed>true</isTimed>
          <name>Cont</name>
          <priority>40</priority>
          <rates type="sltp.mm.core.Rate" uuid="97b4263d-2826-4e66-9e16-6e9b1d941f3a">
            <annotation>Cont</annotation>
            <color>255</color>
            <hasBlocks>true</hasBlocks>
            <rateSpec type="sltp.mm.core.RateSpec">
              <period>0.0</period>
            </rateSpec>
            <sti>0</sti>
          </rates>
          <rates type="sltp.mm.core.Rate" uuid="a5e04162-cf11-4ec8-9158-515f28a2cb3a">
            <annotation>FiM</annotation>
            <color>-2139062017</color>
            <hasBlocks>true</hasBlocks>
            <rateSpec type="sltp.mm.core.RateSpec">
              <offset>1.0</offset>
              <period>0.0</period>
            </rateSpec>
            <sti>1</sti>
          </rates>
          <rates type="sltp.mm.core.Rate" uuid="8c45f80d-687d-49f3-bdad-9bf2e36d7191">
            <annotation>D1</annotation>
            <color>-436207361</color>
            <hasBlocks>true</hasBlocks>
            <rateSpec type="sltp.mm.core.RateSpec">
              <period>.01</period>
            </rateSpec>
            <sti>2</sti>
          </rates>
          <rates type="sltp.mm.core.Rate" uuid="f355d4d6-6ac4-43df-9d04-d49f6a4fd6e8">
            <annotation>D2</annotation>
            <color>13697279</color>
            <hasBlocks>true</hasBlocks>
            <rateSpec type="sltp.mm.core.RateSpec">
              <period>.1</period>
            </rateSpec>
            <sti>3</sti>
          </rates>
        </tasks>
      </subgraph>
    </rootTask>
  </sltp.mm.core.Context>
</sltp_graph>