<?xml version="1.0" encoding="utf-8"?>
<System>
  <P Name="Location">[223, 338, 826, 833]</P>
  <P Name="SystemRect">[0.000000, 0.000000, 0.000000, 0.000000]</P>
  <P Name="SetExecutionDomain">off</P>
  <P Name="ExecutionDomainType">Deduce</P>
  <P Name="SIDHighWatermark">42</P>
  <P Name="SimulinkSubDomain">Simulink</P>
  <Block BlockType="Inport" Name="State" SID="187::23">
    <P Name="Position">[20, 101, 40, 119]</P>
    <P Name="ZOrder">14</P>
  </Block>
  <Block BlockType="Inport" Name="UHeading" SID="187::1">
    <P Name="Position">[20, 136, 40, 154]</P>
    <P Name="ZOrder">-1</P>
    <P Name="Port">2</P>
  </Block>
  <Block BlockType="Inport" Name="e" SID="187::22">
    <P Name="Position">[20, 171, 40, 189]</P>
    <P Name="ZOrder">13</P>
    <P Name="Port">3</P>
  </Block>
  <Block BlockType="Demux" Name=" Demux " SID="187::39">
    <P Name="Ports">[1, 1]</P>
    <P Name="Position">[270, 230, 320, 270]</P>
    <P Name="ZOrder">28</P>
    <P Name="Outputs">1</P>
  </Block>
  <Block BlockType="S-Function" Name=" SFunction " SID="187::38">
    <P Name="Tag">Stateflow S-Function 2</P>
    <P Name="Ports">[3, 2]</P>
    <P Name="Position">[180, 110, 230, 190]</P>
    <P Name="ZOrder">27</P>
    <P Name="FunctionName">sf_sfun</P>
    <P Name="Parameters">PHeadingAngle</P>
    <P Name="PortCounts">[3 2]</P>
    <P Name="SFunctionDeploymentMode">off</P>
    <P Name="EnableBusSupport">on</P>
    <P Name="SFcnIsStateOwnerBlock">off</P>
    <Port>
      <P Name="PortNumber">2</P>
      <P Name="Name">RollAngle</P>
    </Port>
  </Block>
  <Block BlockType="Terminator" Name=" Terminator " SID="187::40">
    <P Name="Position">[460, 241, 480, 259]</P>
    <P Name="ZOrder">29</P>
  </Block>
  <Block BlockType="Outport" Name="RollAngle" SID="187::5">
    <P Name="Position">[460, 101, 480, 119]</P>
    <P Name="ZOrder">-5</P>
    <P Name="VectorParamsAs1DForOutWhenUnconnected">off</P>
  </Block>
  <Line>
    <P Name="ZOrder">94</P>
    <P Name="Src">187::23#out:1</P>
    <P Name="Dst">187::38#in:1</P>
  </Line>
  <Line>
    <P Name="ZOrder">95</P>
    <P Name="Src">187::1#out:1</P>
    <P Name="Dst">187::38#in:2</P>
  </Line>
  <Line>
    <P Name="ZOrder">96</P>
    <P Name="Src">187::22#out:1</P>
    <P Name="Dst">187::38#in:3</P>
  </Line>
  <Line>
    <P Name="Name">RollAngle</P>
    <P Name="ZOrder">97</P>
    <P Name="Labels">[0, 0]</P>
    <P Name="Src">187::38#out:2</P>
    <P Name="Dst">187::5#in:1</P>
  </Line>
  <Line>
    <P Name="ZOrder">98</P>
    <P Name="Src">187::39#out:1</P>
    <P Name="Dst">187::40#in:1</P>
  </Line>
  <Line>
    <P Name="ZOrder">99</P>
    <P Name="Src">187::38#out:1</P>
    <P Name="Dst">187::39#in:1</P>
  </Line>
</System>
