<?xml version="1.0" encoding="utf-8"?>
<System>
  <P Name="Location">[223, 338, 826, 833]</P>
  <P Name="SystemRect">[0.000000, 0.000000, 0.000000, 0.000000]</P>
  <P Name="SetExecutionDomain">off</P>
  <P Name="ExecutionDomainType">Deduce</P>
  <P Name="SIDHighWatermark">80</P>
  <P Name="SimulinkSubDomain">Simulink</P>
  <Block BlockType="Inport" Name="FixedWingStateBus" SID="281::1">
    <P Name="Position">[20, 101, 40, 119]</P>
    <P Name="ZOrder">-1</P>
  </Block>
  <Block BlockType="Inport" Name="ConfigureStatus" SID="281::22">
    <P Name="Position">[20, 136, 40, 154]</P>
    <P Name="ZOrder">13</P>
    <P Name="Port">2</P>
  </Block>
  <Block BlockType="Inport" Name="state" SID="281::23">
    <P Name="Position">[20, 171, 40, 189]</P>
    <P Name="ZOrder">14</P>
    <P Name="Port">3</P>
  </Block>
  <Block BlockType="Demux" Name=" Demux " SID="281::68">
    <P Name="Ports">[1, 1]</P>
    <P Name="Position">[270, 640, 320, 680]</P>
    <P Name="ZOrder">45</P>
    <P Name="Outputs">1</P>
  </Block>
  <Block BlockType="S-Function" Name=" SFunction " SID="281::67">
    <P Name="Tag">Stateflow S-Function 1</P>
    <P Name="Ports">[3, 15]</P>
    <P Name="Position">[180, 110, 230, 430]</P>
    <P Name="ZOrder">44</P>
    <P Name="FunctionName">sf_sfun</P>
    <P Name="PortCounts">[3 15]</P>
    <P Name="SFunctionDeploymentMode">off</P>
    <P Name="EnableBusSupport">on</P>
    <P Name="SFcnIsStateOwnerBlock">off</P>
    <Port>
      <P Name="PortNumber">2</P>
      <P Name="Name">status</P>
    </Port>
    <Port>
      <P Name="PortNumber">3</P>
      <P Name="Name">distance</P>
    </Port>
    <Port>
      <P Name="PortNumber">4</P>
      <P Name="Name">distancef</P>
    </Port>
    <Port>
      <P Name="PortNumber">5</P>
      <P Name="Name">DesiredHeading</P>
    </Port>
    <Port>
      <P Name="PortNumber">6</P>
      <P Name="Name">Cross_Tracking_Error</P>
    </Port>
    <Port>
      <P Name="PortNumber">7</P>
      <P Name="Name">CurrX1</P>
    </Port>
    <Port>
      <P Name="PortNumber">8</P>
      <P Name="Name">CurrY1</P>
    </Port>
    <Port>
      <P Name="PortNumber">9</P>
      <P Name="Name">CurrZ1</P>
    </Port>
    <Port>
      <P Name="PortNumber">10</P>
      <P Name="Name">CurrX2</P>
    </Port>
    <Port>
      <P Name="PortNumber">11</P>
      <P Name="Name">CurrY2</P>
    </Port>
    <Port>
      <P Name="PortNumber">12</P>
      <P Name="Name">CurrZ2</P>
    </Port>
    <Port>
      <P Name="PortNumber">13</P>
      <P Name="Name">CurrX3</P>
    </Port>
    <Port>
      <P Name="PortNumber">14</P>
      <P Name="Name">CurrY3</P>
    </Port>
    <Port>
      <P Name="PortNumber">15</P>
      <P Name="Name">CurrZ3</P>
    </Port>
  </Block>
  <Block BlockType="Terminator" Name=" Terminator " SID="281::69">
    <P Name="Position">[460, 651, 480, 669]</P>
    <P Name="ZOrder">46</P>
  </Block>
  <Block BlockType="Outport" Name="status" SID="281::5">
    <P Name="Position">[460, 101, 480, 119]</P>
    <P Name="ZOrder">-5</P>
  </Block>
  <Block BlockType="Outport" Name="distance" SID="281::48">
    <P Name="Position">[460, 136, 480, 154]</P>
    <P Name="ZOrder">36</P>
    <P Name="Port">2</P>
  </Block>
  <Block BlockType="Outport" Name="distancef" SID="281::71">
    <P Name="Position">[460, 171, 480, 189]</P>
    <P Name="ZOrder">48</P>
    <P Name="Port">3</P>
  </Block>
  <Block BlockType="Outport" Name="DesiredHeading" SID="281::42">
    <P Name="Position">[460, 206, 480, 224]</P>
    <P Name="ZOrder">33</P>
    <P Name="Port">4</P>
  </Block>
  <Block BlockType="Outport" Name="Cross_Tracking_Error" SID="281::70">
    <P Name="Position">[460, 246, 480, 264]</P>
    <P Name="ZOrder">47</P>
    <P Name="Port">5</P>
  </Block>
  <Block BlockType="Outport" Name="CurrX1" SID="281::72">
    <P Name="Position">[460, 281, 480, 299]</P>
    <P Name="ZOrder">49</P>
    <P Name="Port">6</P>
  </Block>
  <Block BlockType="Outport" Name="CurrY1" SID="281::73">
    <P Name="Position">[460, 316, 480, 334]</P>
    <P Name="ZOrder">50</P>
    <P Name="Port">7</P>
  </Block>
  <Block BlockType="Outport" Name="CurrZ1" SID="281::74">
    <P Name="Position">[460, 351, 480, 369]</P>
    <P Name="ZOrder">51</P>
    <P Name="Port">8</P>
  </Block>
  <Block BlockType="Outport" Name="CurrX2" SID="281::75">
    <P Name="Position">[460, 386, 480, 404]</P>
    <P Name="ZOrder">52</P>
    <P Name="Port">9</P>
  </Block>
  <Block BlockType="Outport" Name="CurrY2" SID="281::76">
    <P Name="Position">[460, 426, 480, 444]</P>
    <P Name="ZOrder">53</P>
    <P Name="Port">10</P>
  </Block>
  <Block BlockType="Outport" Name="CurrZ2" SID="281::77">
    <P Name="Position">[460, 461, 480, 479]</P>
    <P Name="ZOrder">54</P>
    <P Name="Port">11</P>
  </Block>
  <Block BlockType="Outport" Name="CurrX3" SID="281::78">
    <P Name="Position">[460, 496, 480, 514]</P>
    <P Name="ZOrder">55</P>
    <P Name="Port">12</P>
  </Block>
  <Block BlockType="Outport" Name="CurrY3" SID="281::79">
    <P Name="Position">[460, 531, 480, 549]</P>
    <P Name="ZOrder">56</P>
    <P Name="Port">13</P>
  </Block>
  <Block BlockType="Outport" Name="CurrZ3" SID="281::80">
    <P Name="Position">[460, 566, 480, 584]</P>
    <P Name="ZOrder">57</P>
    <P Name="Port">14</P>
  </Block>
  <Line>
    <P Name="ZOrder">154</P>
    <P Name="Src">281::1#out:1</P>
    <P Name="Points">[82, 0; 0, 55]</P>
    <P Name="Dst">281::67#in:1</P>
  </Line>
  <Line>
    <P Name="ZOrder">155</P>
    <P Name="Src">281::22#out:1</P>
    <P Name="Points">[52, 0; 0, 125]</P>
    <P Name="Dst">281::67#in:2</P>
  </Line>
  <Line>
    <P Name="ZOrder">156</P>
    <P Name="Src">281::23#out:1</P>
    <P Name="Points">[24, 0; 0, 195]</P>
    <P Name="Dst">281::67#in:3</P>
  </Line>
  <Line>
    <P Name="Name">status</P>
    <P Name="ZOrder">157</P>
    <P Name="Labels">[0, 0]</P>
    <P Name="Src">281::67#out:2</P>
    <P Name="Points">[82, 0; 0, -40]</P>
    <P Name="Dst">281::5#in:1</P>
  </Line>
  <Line>
    <P Name="Name">distance</P>
    <P Name="ZOrder">158</P>
    <P Name="Labels">[0, 0]</P>
    <P Name="Src">281::67#out:3</P>
    <P Name="Points">[91, 0; 0, -25]</P>
    <P Name="Dst">281::48#in:1</P>
  </Line>
  <Line>
    <P Name="Name">distancef</P>
    <P Name="ZOrder">159</P>
    <P Name="Labels">[0, 0]</P>
    <P Name="Src">281::67#out:4</P>
    <P Name="Points">[100, 0; 0, -10]</P>
    <P Name="Dst">281::71#in:1</P>
  </Line>
  <Line>
    <P Name="Name">DesiredHeading</P>
    <P Name="ZOrder">160</P>
    <P Name="Labels">[0, 0]</P>
    <P Name="Src">281::67#out:5</P>
    <P Name="Points">[153, 0; 0, 5]</P>
    <P Name="Dst">281::42#in:1</P>
  </Line>
  <Line>
    <P Name="Name">Cross_Tracking_Error</P>
    <P Name="ZOrder">161</P>
    <P Name="Labels">[0, 0]</P>
    <P Name="Src">281::67#out:6</P>
    <P Name="Points">[140, 0; 0, 25]</P>
    <P Name="Dst">281::70#in:1</P>
  </Line>
  <Line>
    <P Name="Name">CurrX1</P>
    <P Name="ZOrder">162</P>
    <P Name="Labels">[0, 0]</P>
    <P Name="Src">281::67#out:7</P>
    <P Name="Points">[128, 0; 0, 40]</P>
    <P Name="Dst">281::72#in:1</P>
  </Line>
  <Line>
    <P Name="Name">CurrY1</P>
    <P Name="ZOrder">163</P>
    <P Name="Labels">[0, 0]</P>
    <P Name="Src">281::67#out:8</P>
    <P Name="Points">[116, 0; 0, 55]</P>
    <P Name="Dst">281::73#in:1</P>
  </Line>
  <Line>
    <P Name="Name">CurrZ1</P>
    <P Name="ZOrder">164</P>
    <P Name="Labels">[0, 0]</P>
    <P Name="Src">281::67#out:9</P>
    <P Name="Points">[104, 0; 0, 70]</P>
    <P Name="Dst">281::74#in:1</P>
  </Line>
  <Line>
    <P Name="Name">CurrX2</P>
    <P Name="ZOrder">165</P>
    <P Name="Labels">[0, 0]</P>
    <P Name="Src">281::67#out:10</P>
    <P Name="Points">[91, 0; 0, 85]</P>
    <P Name="Dst">281::75#in:1</P>
  </Line>
  <Line>
    <P Name="Name">CurrY2</P>
    <P Name="ZOrder">166</P>
    <P Name="Labels">[0, 0]</P>
    <P Name="Src">281::67#out:11</P>
    <P Name="Points">[79, 0; 0, 105]</P>
    <P Name="Dst">281::76#in:1</P>
  </Line>
  <Line>
    <P Name="Name">CurrZ2</P>
    <P Name="ZOrder">167</P>
    <P Name="Labels">[0, 0]</P>
    <P Name="Src">281::67#out:12</P>
    <P Name="Points">[67, 0; 0, 120]</P>
    <P Name="Dst">281::77#in:1</P>
  </Line>
  <Line>
    <P Name="Name">CurrX3</P>
    <P Name="ZOrder">168</P>
    <P Name="Labels">[0, 0]</P>
    <P Name="Src">281::67#out:13</P>
    <P Name="Points">[54, 0; 0, 135]</P>
    <P Name="Dst">281::78#in:1</P>
  </Line>
  <Line>
    <P Name="Name">CurrY3</P>
    <P Name="ZOrder">169</P>
    <P Name="Labels">[0, 0]</P>
    <P Name="Src">281::67#out:14</P>
    <P Name="Points">[42, 0; 0, 150]</P>
    <P Name="Dst">281::79#in:1</P>
  </Line>
  <Line>
    <P Name="Name">CurrZ3</P>
    <P Name="ZOrder">170</P>
    <P Name="Labels">[0, 0]</P>
    <P Name="Src">281::67#out:15</P>
    <P Name="Points">[30, 0; 0, 165]</P>
    <P Name="Dst">281::80#in:1</P>
  </Line>
  <Line>
    <P Name="ZOrder">171</P>
    <P Name="Src">281::68#out:1</P>
    <P Name="Dst">281::69#in:1</P>
  </Line>
  <Line>
    <P Name="ZOrder">172</P>
    <P Name="Src">281::67#out:1</P>
    <P Name="Points">[13, 0; 0, 530]</P>
    <P Name="Dst">281::68#in:1</P>
  </Line>
</System>
