<?xml version="1.0" encoding="utf-8"?>
<System>
  <P Name="Location">[-1928, -8, 8, 1048]</P>
  <P Name="SystemRect">[0.000000, 0.000000, 0.000000, 0.000000]</P>
  <P Name="SetExecutionDomain">off</P>
  <P Name="ExecutionDomainType">Deduce</P>
  <P Name="ZoomFactor">198</P>
  <P Name="SimulinkSubDomain">Simulink</P>
  <Block BlockType="BusCreator" Name="Bus&#xA;Creator" SID="169">
    <P Name="Ports">[4, 1]</P>
    <P Name="Position">[155, 78, 160, 257]</P>
    <P Name="ZOrder">2</P>
    <P Name="ShowName">off</P>
    <P Name="Inputs">4</P>
    <P Name="DisplayOption">bar</P>
    <P Name="OutDataTypeStr">Bus: FixedWingEnvironmentBus</P>
    <P Name="NonVirtualBus">on</P>
    <P Name="InheritFromInputs">on</P>
  </Block>
  <Block BlockType="Constant" Name="Constant" SID="170">
    <P Name="Position">[20, 220, 50, 250]</P>
    <P Name="ZOrder">3</P>
    <P Name="Value">9.8066</P>
    <Port>
      <P Name="PortNumber">1</P>
      <P Name="Name">Gravity</P>
    </Port>
  </Block>
  <Block BlockType="Constant" Name="Constant1" SID="171">
    <P Name="Position">[20, 85, 50, 115]</P>
    <P Name="ZOrder">45</P>
    <P Name="Value">0</P>
    <Port>
      <P Name="PortNumber">1</P>
      <P Name="Name">WindNorth</P>
    </Port>
  </Block>
  <Block BlockType="Constant" Name="Constant2" SID="172">
    <P Name="Position">[20, 130, 50, 160]</P>
    <P Name="ZOrder">46</P>
    <P Name="Value">0</P>
    <Port>
      <P Name="PortNumber">1</P>
      <P Name="Name">WindEast</P>
    </Port>
  </Block>
  <Block BlockType="Constant" Name="Constant3" SID="173">
    <P Name="Position">[20, 175, 50, 205]</P>
    <P Name="ZOrder">41</P>
    <P Name="Value">0</P>
    <Port>
      <P Name="PortNumber">1</P>
      <P Name="Name">WindDown</P>
    </Port>
  </Block>
  <Block BlockType="Outport" Name="Environment" SID="174">
    <P Name="Position">[210, 163, 240, 177]</P>
    <P Name="ZOrder">42</P>
    <P Name="VectorParamsAs1DForOutWhenUnconnected">off</P>
  </Block>
  <Line>
    <P Name="Name">WindEast</P>
    <P Name="ZOrder">1</P>
    <P Name="Labels">[1, 1]</P>
    <P Name="Src">172#out:1</P>
    <P Name="Dst">169#in:2</P>
  </Line>
  <Line>
    <P Name="Name">WindDown</P>
    <P Name="ZOrder">2</P>
    <P Name="Labels">[1, 1]</P>
    <P Name="Src">173#out:1</P>
    <P Name="Dst">169#in:3</P>
  </Line>
  <Line>
    <P Name="Name">WindNorth</P>
    <P Name="ZOrder">3</P>
    <P Name="Labels">[1, 1]</P>
    <P Name="Src">171#out:1</P>
    <P Name="Dst">169#in:1</P>
  </Line>
  <Line>
    <P Name="ZOrder">4</P>
    <P Name="Src">169#out:1</P>
    <P Name="Dst">174#in:1</P>
  </Line>
  <Line>
    <P Name="Name">Gravity</P>
    <P Name="ZOrder">5</P>
    <P Name="Labels">[0, 0]</P>
    <P Name="Src">170#out:1</P>
    <P Name="Dst">169#in:4</P>
  </Line>
</System>
