<?xml version="1.0" encoding="utf-8"?>
<System>
  <P Name="Location">[-1928, -8, 8, 1048]</P>
  <P Name="SystemRect">[0.000000, 0.000000, 0.000000, 0.000000]</P>
  <P Name="Open">on</P>
  <P Name="SetExecutionDomain">off</P>
  <P Name="ExecutionDomainType">Deduce</P>
  <P Name="ReportName">simulink-default.rpt</P>
  <P Name="SIDHighWatermark">359</P>
  <P Name="SimulinkSubDomain">Simulink</P>
  <Block BlockType="Sum" Name="Add" SID="338">
    <P Name="Ports">[2, 1]</P>
    <P Name="Position">[1695, 522, 1725, 553]</P>
    <P Name="ZOrder">2343</P>
    <P Name="IconShape">rectangular</P>
  </Block>
  <Block BlockType="BusCreator" Name="Bus&#xA;Creator1" SID="261">
    <P Name="Ports">[11, 1]</P>
    <P Name="Position">[310, 87, 315, 583]</P>
    <P Name="ZOrder">2267</P>
    <P Name="Inputs">11</P>
    <P Name="DisplayOption">bar</P>
    <P Name="OutDataTypeStr">Bus: ConfigureStatus</P>
    <P Name="InheritFromInputs">on</P>
  </Block>
  <Block BlockType="BusCreator" Name="Bus&#xA;Creator2" SID="237">
    <P Name="Ports">[2, 1]</P>
    <P Name="Position">[1320, 190, 1325, 325]</P>
    <P Name="ZOrder">2203</P>
    <P Name="ShowName">off</P>
    <P Name="Inputs">2</P>
    <P Name="DisplayOption">bar</P>
    <P Name="OutDataTypeStr">Bus: FixedWingControlBus2</P>
    <P Name="NonVirtualBus">on</P>
    <P Name="InheritFromInputs">on</P>
  </Block>
  <Block BlockType="BusSelector" Name="Bus&#xA;Selector" SID="299">
    <P Name="Ports">[1, 6]</P>
    <P Name="Position">[1700, 153, 1705, 362]</P>
    <P Name="ZOrder">2301</P>
    <P Name="OutputSignals">North,East,Height,HeadingAngle,FlightPathAngle,RollAngle</P>
    <Port>
      <P Name="PortNumber">1</P>
      <P Name="Name">&lt;North&gt;</P>
    </Port>
    <Port>
      <P Name="PortNumber">2</P>
      <P Name="Name">&lt;East&gt;</P>
    </Port>
    <Port>
      <P Name="PortNumber">3</P>
      <P Name="Name">&lt;Height&gt;</P>
    </Port>
    <Port>
      <P Name="PortNumber">4</P>
      <P Name="Name">&lt;HeadingAngle&gt;</P>
    </Port>
    <Port>
      <P Name="PortNumber">5</P>
      <P Name="Name">&lt;FlightPathAngle&gt;</P>
    </Port>
    <Port>
      <P Name="PortNumber">6</P>
      <P Name="Name">&lt;RollAngle&gt;</P>
    </Port>
  </Block>
  <Block BlockType="BusSelector" Name="Bus&#xA;Selector1" SID="188">
    <P Name="Ports">[1, 6]</P>
    <P Name="Position">[1635, 478, 1640, 627]</P>
    <P Name="ZOrder">400</P>
    <P Name="BlockMirror">on</P>
    <P Name="ShowName">off</P>
    <P Name="OutputSignals">North,East,Height,HeadingAngle,FlightPathAngle,RollAngle</P>
    <Port>
      <P Name="PortNumber">1</P>
      <P Name="Name">&lt;North&gt;</P>
    </Port>
    <Port>
      <P Name="PortNumber">2</P>
      <P Name="Name">&lt;East&gt;</P>
    </Port>
    <Port>
      <P Name="PortNumber">3</P>
      <P Name="Name">&lt;Height&gt;</P>
    </Port>
    <Port>
      <P Name="PortNumber">4</P>
      <P Name="Name">&lt;HeadingAngle&gt;</P>
    </Port>
    <Port>
      <P Name="PortNumber">5</P>
      <P Name="Name">&lt;FlightPathAngle&gt;</P>
    </Port>
    <Port>
      <P Name="PortNumber">6</P>
      <P Name="Name">&lt;RollAngle&gt;</P>
    </Port>
  </Block>
  <Block BlockType="Constant" Name="Constant" SID="263">
    <P Name="Position">[115, 95, 180, 125]</P>
    <P Name="ZOrder">2268</P>
    <P Name="Value">21822</P>
    <Port>
      <P Name="PortNumber">1</P>
      <P Name="Name">x_final</P>
    </Port>
  </Block>
  <Block BlockType="Constant" Name="Constant1" SID="235">
    <P Name="Position">[1180, 210, 1210, 240]</P>
    <P Name="ZOrder">2201</P>
    <P Name="Value">-5</P>
    <Port>
      <P Name="PortNumber">1</P>
      <P Name="Name">Pitch_Ref</P>
    </Port>
  </Block>
  <Block BlockType="Constant" Name="Constant10" SID="265">
    <P Name="Position">[245, 595, 275, 625]</P>
    <P Name="ZOrder">2277</P>
    <P Name="Value">78.163</P>
  </Block>
  <Block BlockType="Constant" Name="Constant11" SID="339">
    <P Name="Position">[1685, 595, 1715, 625]</P>
    <P Name="ZOrder">2344</P>
    <P Name="Value">-pi</P>
  </Block>
  <Block BlockType="Constant" Name="Constant12" SID="273">
    <P Name="Position">[150, 500, 180, 530]</P>
    <P Name="ZOrder">2276</P>
    <P Name="Value">0</P>
    <Port>
      <P Name="PortNumber">1</P>
      <P Name="Name">z_turnoff</P>
    </Port>
  </Block>
  <Block BlockType="Constant" Name="Constant2" SID="291">
    <P Name="Position">[115, 140, 180, 170]</P>
    <P Name="ZOrder">2292</P>
    <P Name="Value">-9751.8</P>
    <P Name="VectorParams1D">off</P>
    <Port>
      <P Name="PortNumber">1</P>
      <P Name="Name">y_final</P>
    </Port>
  </Block>
  <Block BlockType="Constant" Name="Constant3" SID="264">
    <P Name="Position">[150, 185, 180, 215]</P>
    <P Name="ZOrder">2269</P>
    <P Name="Value">140</P>
    <Port>
      <P Name="PortNumber">1</P>
      <P Name="Name">z_final</P>
    </Port>
  </Block>
  <Block BlockType="Constant" Name="Constant4" SID="267">
    <P Name="Position">[150, 230, 180, 260]</P>
    <P Name="ZOrder">2270</P>
    <Port>
      <P Name="PortNumber">1</P>
      <P Name="Name">V_final</P>
    </Port>
  </Block>
  <Block BlockType="Constant" Name="Constant5" SID="268">
    <P Name="Position">[150, 275, 180, 305]</P>
    <P Name="ZOrder">2271</P>
    <Port>
      <P Name="PortNumber">1</P>
      <P Name="Name">FlightPathAngle_final</P>
    </Port>
  </Block>
  <Block BlockType="Constant" Name="Constant6" SID="269">
    <P Name="Position">[60, 320, 180, 350]</P>
    <P Name="ZOrder">2272</P>
    <P Name="Value">24.18</P>
    <Port>
      <P Name="PortNumber">1</P>
      <P Name="Name">HeadingAngle_final</P>
    </Port>
  </Block>
  <Block BlockType="Constant" Name="Constant7" SID="270">
    <P Name="Position">[150, 365, 180, 395]</P>
    <P Name="ZOrder">2273</P>
    <P Name="Value">0</P>
    <Port>
      <P Name="PortNumber">1</P>
      <P Name="Name">SideslipAngle_final</P>
    </Port>
  </Block>
  <Block BlockType="Constant" Name="Constant8" SID="271">
    <P Name="Position">[105, 410, 180, 440]</P>
    <P Name="ZOrder">2274</P>
    <P Name="Value">18821</P>
    <Port>
      <P Name="PortNumber">1</P>
      <P Name="Name">x_turnoff</P>
    </Port>
  </Block>
  <Block BlockType="Constant" Name="Constant9" SID="272">
    <P Name="Position">[105, 455, 180, 485]</P>
    <P Name="ZOrder">2275</P>
    <P Name="Value">-17849</P>
    <Port>
      <P Name="PortNumber">1</P>
      <P Name="Name">y_turnoff</P>
    </Port>
  </Block>
  <Block BlockType="Reference" Name="Coordinate Transformation Conversion" SID="189">
    <P Name="Ports">[1, 1]</P>
    <P Name="Position">[1430, 575, 1495, 605]</P>
    <P Name="ZOrder">405</P>
    <P Name="BlockMirror">on</P>
    <P Name="LibraryVersion">4.0</P>
    <P Name="SourceBlock">robotcorelib/Coordinate Transformation Conversion</P>
    <P Name="SourceType">robotics.slcore.internal.block.CoordinateTransformationConversion</P>
    <P Name="SourceProductBaseCode">NV,RO,RR,UV</P>
    <InstanceData>
      <P Name="InputRepresentation">Euler Angles</P>
      <P Name="InputEulerSequence">ZYX</P>
      <P Name="ShowTrVecInputPort">on</P>
      <P Name="OutputRepresentation">Quaternion</P>
      <P Name="OutputEulerSequence">ZYX</P>
      <P Name="ShowTrVecOutputPort">on</P>
      <P Name="SimulateUsing">Code generation</P>
    </InstanceData>
    <Port>
      <P Name="PortNumber">1</P>
      <P Name="Name">Rotation</P>
      <P Name="DataLogging">on</P>
    </Port>
  </Block>
  <Block BlockType="Delay" Name="Delay" SID="286">
    <P Name="Ports">[1, 1]</P>
    <P Name="Position">[950, 108, 985, 142]</P>
    <P Name="ZOrder">2287</P>
    <P Name="BlockMirror">on</P>
    <P Name="InputPortMap">u0</P>
    <P Name="DelayLength">1</P>
    <P Name="InitialCondition">0</P>
  </Block>
  <Block BlockType="Delay" Name="Delay1" SID="287">
    <P Name="Ports">[1, 1]</P>
    <P Name="Position">[390, 648, 425, 682]</P>
    <P Name="ZOrder">2288</P>
    <P Name="InputPortMap">u0</P>
    <P Name="DelayLength">1</P>
    <P Name="InitialCondition">0</P>
  </Block>
  <Block BlockType="Delay" Name="Delay2" SID="288">
    <P Name="Ports">[1, 1]</P>
    <P Name="Position">[390, 403, 425, 437]</P>
    <P Name="ZOrder">2289</P>
    <P Name="InputPortMap">u0</P>
    <P Name="DelayLength">1</P>
    <P Name="InitialCondition">0</P>
  </Block>
  <Block BlockType="Display" Name="Display" SID="290">
    <P Name="Ports">[1]</P>
    <P Name="Position">[1105, 165, 1195, 195]</P>
    <P Name="ZOrder">2291</P>
    <P Name="Decimation">1</P>
  </Block>
  <Block BlockType="Display" Name="Display1" SID="294">
    <P Name="Ports">[1]</P>
    <P Name="Position">[1760, 295, 1850, 325]</P>
    <P Name="ZOrder">2296</P>
    <P Name="Decimation">1</P>
  </Block>
  <Block BlockType="Display" Name="Display2" SID="295">
    <P Name="Ports">[1]</P>
    <P Name="Position">[1760, 260, 1850, 290]</P>
    <P Name="ZOrder">2297</P>
    <P Name="Decimation">1</P>
  </Block>
  <Block BlockType="Display" Name="Display3" SID="296">
    <P Name="Ports">[1]</P>
    <P Name="Position">[1760, 225, 1850, 255]</P>
    <P Name="ZOrder">2298</P>
    <P Name="Decimation">1</P>
  </Block>
  <Block BlockType="Display" Name="Display4" SID="297">
    <P Name="Ports">[1]</P>
    <P Name="Position">[1760, 190, 1850, 220]</P>
    <P Name="ZOrder">2299</P>
    <P Name="Decimation">1</P>
  </Block>
  <Block BlockType="Display" Name="Display5" SID="298">
    <P Name="Ports">[1]</P>
    <P Name="Position">[1760, 155, 1850, 185]</P>
    <P Name="ZOrder">2300</P>
    <P Name="Decimation">1</P>
  </Block>
  <Block BlockType="Display" Name="Display6" SID="301">
    <P Name="Ports">[1]</P>
    <P Name="Position">[1760, 330, 1850, 360]</P>
    <P Name="ZOrder">2303</P>
    <P Name="Decimation">1</P>
  </Block>
  <Block BlockType="Display" Name="Display7" SID="309">
    <P Name="Ports">[1]</P>
    <P Name="Position">[810, 50, 900, 80]</P>
    <P Name="ZOrder">2333</P>
    <P Name="Decimation">1</P>
  </Block>
  <Block BlockType="ModelReference" Name="FixedWingModel" SID="232">
    <P Name="Ports">[1, 1]</P>
    <P Name="Position">[1445, 209, 1590, 311]</P>
    <P Name="ZOrder">1037</P>
    <P Name="ModelNameDialog">FixedWingModel.slx</P>
    <Array PropName="ParameterArgumentNames" Type="String" Dimension="1*0"/>
    <Array PropName="ParameterArgumentValues" Type="String" Dimension="1*0"/>
    <P Name="SimulationMode">Normal</P>
    <List ListType="VisibleInports">
      <P Name="port0">on</P>
    </List>
    <P Name="ContentPreviewEnabled">on</P>
    <P Name="ModelReferenceVersion">3.52</P>
    <List ListType="InputPortNames">
      <P Name="port0">Control</P>
    </List>
    <List ListType="OutputPortNames">
      <P Name="port0">State</P>
    </List>
    <List ListType="InputPortBusObjects">
      <P Name="port0">FixedWingControlBus2</P>
    </List>
    <List ListType="OutputPortBusObjects">
      <P Name="port0">FixedWingStateBus</P>
    </List>
    <List ListType="OutputPortOutputBusAsStructs">
      <P Name="port0">on</P>
    </List>
    <List ListType="InputPortLatchByCopyingInsideSignal">
      <P Name="port0">off</P>
    </List>
    <List ListType="OutputPortUnitExprs">
      <P Name="port0">inherit</P>
    </List>
    <List ListType="InputPortUnitExprs">
      <P Name="port0">inherit</P>
    </List>
    <List ListType="InputPortLatchByDelayingOutsideSignal">
      <P Name="port0">off</P>
    </List>
    <Port>
      <P Name="PortNumber">1</P>
    </Port>
  </Block>
  <Block BlockType="Gain" Name="Gain1" SID="337">
    <P Name="Position">[1570, 557, 1610, 573]</P>
    <P Name="ZOrder">2342</P>
    <P Name="BlockMirror">on</P>
    <P Name="Gain">-1</P>
    <Port>
      <P Name="PortNumber">1</P>
      <P Name="Name">HeadingAngle_turnoff</P>
    </Port>
  </Block>
  <Block BlockType="Gain" Name="Gain11" SID="274">
    <P Name="Position">[220, 185, 250, 215]</P>
    <P Name="ZOrder">2282</P>
    <Port>
      <P Name="PortNumber">1</P>
      <P Name="Name">z_final</P>
    </Port>
  </Block>
  <Block BlockType="Gain" Name="Gain2" SID="319">
    <P Name="Position">[215, 567, 255, 583]</P>
    <P Name="ZOrder">2328</P>
    <P Name="BlockMirror">on</P>
    <P Name="Gain">(pi/180)</P>
    <Port>
      <P Name="PortNumber">1</P>
      <P Name="Name">HeadingAngle_turnoff</P>
    </Port>
  </Block>
  <Block BlockType="Gain" Name="Gain3" SID="340">
    <P Name="Position">[1485, 532, 1525, 548]</P>
    <P Name="ZOrder">2345</P>
    <P Name="BlockMirror">on</P>
    <P Name="Gain">-1</P>
    <Port>
      <P Name="PortNumber">1</P>
      <P Name="Name">HeadingAngle_turnoff</P>
    </Port>
  </Block>
  <Block BlockType="Gain" Name="Gain4" SID="341">
    <P Name="Position">[225, 327, 265, 343]</P>
    <P Name="ZOrder">2346</P>
    <P Name="Gain">(pi/180)</P>
    <Port>
      <P Name="PortNumber">1</P>
      <P Name="Name">HeadingAngle_turnoff</P>
    </Port>
  </Block>
  <Block BlockType="Goto" Name="Goto" SID="280">
    <P Name="Position">[745, 190, 785, 220]</P>
    <P Name="ZOrder">2285</P>
    <P Name="GotoTag">status</P>
  </Block>
  <Block BlockType="SubSystem" Name="Heading Control" SID="187">
    <P Name="Ports">[3, 1]</P>
    <P Name="Position">[880, 240, 1065, 380]</P>
    <P Name="ZOrder">397</P>
    <P Name="ErrorFcn">Stateflow.Translate.translate</P>
    <P Name="PermitHierarchicalResolution">ExplicitOnly</P>
    <P Name="TreatAsAtomicUnit">on</P>
    <P Name="RequestExecContextInheritance">off</P>
    <P Name="SFBlockType">MATLAB Function</P>
    <P Name="ContentPreviewEnabled">on</P>
    <Mask>
      <Type>Fixed Wing Heading Controller</Type>
      <Display RunInitForIconRedraw="off">color(&apos;white&apos;);

plot([100,100,100,100],[100,100,100,100]);

plot([0,0,0,0],[0,0,0,0]);

color(&apos;black&apos;)
text(52, 50, &apos;Heading\n Control&apos;, &apos;horizontalAlignment&apos;, &apos;center&apos;);
port_label(&apos;input&apos;, 1, &apos;State&apos;)
port_label(&apos;input&apos;, 2, &apos;TargetHeading&apos;)
port_label(&apos;input&apos;, 3, &apos;Environment&apos;)
port_label(&apos;output&apos;, 1, &apos;TargetRoll&apos;)
</Display>
      <Description>P controller that regulates fixed wing UAV heading direction through controlling its roll angle. This controller requires that the plane is flying under coordinated flight condition.</Description>
      <MaskParameter Name="PHeadingAngle" Type="edit">
        <Prompt>Heading Control Gain</Prompt>
        <Value>0.39</Value>
      </MaskParameter>
      <DialogControl Type="Group" Name="DescGroupVar">
        <Prompt>%&lt;MaskType&gt;</Prompt>
        <DialogControl Type="Text" Name="DescTextVar">
          <Prompt>%&lt;MaskDescription&gt;</Prompt>
        </DialogControl>
      </DialogControl>
      <DialogControl Type="Group" Name="ParameterGroupVar">
        <Prompt>Simulink:studio:ToolBarParametersMenu</Prompt>
        <DialogControl Type="Edit" Name="PHeadingAngle">
          <Prompt>Heading Control Gain</Prompt>
          <ControlOptions PromptLocation="left"/>
        </DialogControl>
      </DialogControl>
    </Mask>
    <System Ref="system_187"/>
  </Block>
  <Block BlockType="SubSystem" Name="MATLAB Function2" SID="281">
    <P Name="Ports">[3, 14]</P>
    <P Name="Position">[470, 222, 605, 753]</P>
    <P Name="ZOrder">2263</P>
    <P Name="ErrorFcn">Stateflow.Translate.translate</P>
    <P Name="PermitHierarchicalResolution">ExplicitOnly</P>
    <P Name="TreatAsAtomicUnit">on</P>
    <P Name="RequestExecContextInheritance">off</P>
    <P Name="SFBlockType">MATLAB Function</P>
    <P Name="ContentPreviewEnabled">on</P>
    <System Ref="system_281"/>
  </Block>
  <Block BlockType="Mux" Name="Mux" SID="191">
    <P Name="Ports">[3, 1]</P>
    <P Name="Position">[1445, 480, 1450, 550]</P>
    <P Name="ZOrder">401</P>
    <P Name="BlockMirror">on</P>
    <P Name="ShowName">off</P>
    <P Name="Inputs">3</P>
    <P Name="DisplayOption">bar</P>
    <Port>
      <P Name="PortNumber">1</P>
      <P Name="Name">Translation</P>
    </Port>
  </Block>
  <Block BlockType="Mux" Name="Mux1" SID="192">
    <P Name="Ports">[3, 1]</P>
    <P Name="Position">[1520, 551, 1525, 629]</P>
    <P Name="ZOrder">403</P>
    <P Name="BlockMirror">on</P>
    <P Name="ShowName">off</P>
    <P Name="Inputs">3</P>
    <P Name="DisplayOption">bar</P>
  </Block>
  <Block BlockType="RateTransition" Name="Rate Transition1" SID="139">
    <P Name="Position">[1300, 109, 1335, 141]</P>
    <P Name="ZOrder">383</P>
    <P Name="BlockMirror">on</P>
    <P Name="OutPortSampleTime">0.01</P>
  </Block>
  <Block BlockType="RateTransition" Name="Rate Transition3" SID="202">
    <P Name="Position">[1300, 369, 1335, 401]</P>
    <P Name="ZOrder">409</P>
    <P Name="BlockMirror">on</P>
    <P Name="OutPortSampleTime">0.01</P>
  </Block>
  <Block BlockType="RateTransition" Name="Rate Transition4" SID="241">
    <P Name="Position">[1360, 246, 1390, 274]</P>
    <P Name="ZOrder">2207</P>
    <P Name="OutPortSampleTime">0.1</P>
  </Block>
  <Block BlockType="Saturate" Name="Saturation2" SID="138">
    <P Name="Position">[1115, 275, 1145, 305]</P>
    <P Name="ZOrder">374</P>
    <P Name="UpperLimit">20*pi/180</P>
    <P Name="LowerLimit">-20*pi/180</P>
    <Port>
      <P Name="PortNumber">1</P>
      <P Name="Name">RollAngle</P>
    </Port>
  </Block>
  <Block BlockType="SliderBlock" Name="Slider1" SID="224">
    <P Name="Position">[585, 979, 1000, 1074]</P>
    <P Name="ZOrder">415</P>
    <P Name="ShowName">off</P>
    <P Name="BindingPersistence" Ref="bdmxdata:BindingPersistence_224"/>
    <P Name="ScaleMin">0.39000000000000001</P>
    <P Name="ScaleMax">3.8999999999999999</P>
  </Block>
  <Block BlockType="ToWorkspace" Name="To Workspace" SID="289">
    <P Name="Ports">[1]</P>
    <P Name="Position">[775, 385, 865, 415]</P>
    <P Name="ZOrder">2290</P>
    <P Name="VariableName">Cross_Tracking_Error</P>
    <P Name="MaxDataPoints">inf</P>
    <P Name="SaveFormat">Timeseries</P>
    <P Name="FixptAsFi">on</P>
    <P Name="SampleTime">-1</P>
  </Block>
  <Block BlockType="ToWorkspace" Name="To Workspace1" SID="333">
    <P Name="Ports">[1]</P>
    <P Name="Position">[720, 245, 810, 275]</P>
    <P Name="ZOrder">2338</P>
    <P Name="VariableName">distance</P>
    <P Name="MaxDataPoints">inf</P>
    <P Name="SaveFormat">Timeseries</P>
    <P Name="FixptAsFi">on</P>
    <P Name="SampleTime">-1</P>
  </Block>
  <Block BlockType="ToWorkspace" Name="To Workspace10" SID="348">
    <P Name="Ports">[1]</P>
    <P Name="Position">[670, 490, 760, 520]</P>
    <P Name="ZOrder">2353</P>
    <P Name="VariableName">CurrZ1</P>
    <P Name="MaxDataPoints">inf</P>
    <P Name="SaveFormat">Timeseries</P>
    <P Name="FixptAsFi">on</P>
    <P Name="SampleTime">-1</P>
  </Block>
  <Block BlockType="ToWorkspace" Name="To Workspace11" SID="349">
    <P Name="Ports">[1]</P>
    <P Name="Position">[785, 455, 875, 485]</P>
    <P Name="ZOrder">2354</P>
    <P Name="VariableName">CurrY1</P>
    <P Name="MaxDataPoints">inf</P>
    <P Name="SaveFormat">Timeseries</P>
    <P Name="FixptAsFi">on</P>
    <P Name="SampleTime">-1</P>
  </Block>
  <Block BlockType="ToWorkspace" Name="To Workspace12" SID="350">
    <P Name="Ports">[1]</P>
    <P Name="Position">[670, 420, 760, 450]</P>
    <P Name="ZOrder">2355</P>
    <P Name="VariableName">CurrX1</P>
    <P Name="MaxDataPoints">inf</P>
    <P Name="SaveFormat">Timeseries</P>
    <P Name="FixptAsFi">on</P>
    <P Name="SampleTime">-1</P>
  </Block>
  <Block BlockType="ToWorkspace" Name="To Workspace2" SID="321">
    <P Name="Ports">[1]</P>
    <P Name="Position">[1105, 30, 1195, 60]</P>
    <P Name="ZOrder">2329</P>
    <P Name="VariableName">Target_Roll</P>
    <P Name="MaxDataPoints">inf</P>
    <P Name="SaveFormat">Timeseries</P>
    <P Name="FixptAsFi">on</P>
    <P Name="SampleTime">-1</P>
  </Block>
  <Block BlockType="ToWorkspace" Name="To Workspace3" SID="336">
    <P Name="Ports">[1]</P>
    <P Name="Position">[880, 190, 970, 220]</P>
    <P Name="ZOrder">2341</P>
    <P Name="VariableName">distancef</P>
    <P Name="MaxDataPoints">inf</P>
    <P Name="SaveFormat">Timeseries</P>
    <P Name="FixptAsFi">on</P>
    <P Name="SampleTime">-1</P>
  </Block>
  <Block BlockType="ToWorkspace" Name="To Workspace4" SID="342">
    <P Name="Ports">[1]</P>
    <P Name="Position">[670, 700, 760, 730]</P>
    <P Name="ZOrder">2347</P>
    <P Name="VariableName">CurrZ3</P>
    <P Name="MaxDataPoints">inf</P>
    <P Name="SaveFormat">Timeseries</P>
    <P Name="FixptAsFi">on</P>
    <P Name="SampleTime">-1</P>
  </Block>
  <Block BlockType="ToWorkspace" Name="To Workspace5" SID="343">
    <P Name="Ports">[1]</P>
    <P Name="Position">[785, 665, 875, 695]</P>
    <P Name="ZOrder">2348</P>
    <P Name="VariableName">CurrY3</P>
    <P Name="MaxDataPoints">inf</P>
    <P Name="SaveFormat">Timeseries</P>
    <P Name="FixptAsFi">on</P>
    <P Name="SampleTime">-1</P>
  </Block>
  <Block BlockType="ToWorkspace" Name="To Workspace6" SID="344">
    <P Name="Ports">[1]</P>
    <P Name="Position">[670, 630, 760, 660]</P>
    <P Name="ZOrder">2349</P>
    <P Name="VariableName">CurrX3</P>
    <P Name="MaxDataPoints">inf</P>
    <P Name="SaveFormat">Timeseries</P>
    <P Name="FixptAsFi">on</P>
    <P Name="SampleTime">-1</P>
  </Block>
  <Block BlockType="ToWorkspace" Name="To Workspace7" SID="345">
    <P Name="Ports">[1]</P>
    <P Name="Position">[785, 595, 875, 625]</P>
    <P Name="ZOrder">2350</P>
    <P Name="VariableName">CurrZ2</P>
    <P Name="MaxDataPoints">inf</P>
    <P Name="SaveFormat">Timeseries</P>
    <P Name="FixptAsFi">on</P>
    <P Name="SampleTime">-1</P>
  </Block>
  <Block BlockType="ToWorkspace" Name="To Workspace8" SID="346">
    <P Name="Ports">[1]</P>
    <P Name="Position">[670, 560, 760, 590]</P>
    <P Name="ZOrder">2351</P>
    <P Name="VariableName">CurrY2</P>
    <P Name="MaxDataPoints">inf</P>
    <P Name="SaveFormat">Timeseries</P>
    <P Name="FixptAsFi">on</P>
    <P Name="SampleTime">-1</P>
  </Block>
  <Block BlockType="ToWorkspace" Name="To Workspace9" SID="347">
    <P Name="Ports">[1]</P>
    <P Name="Position">[785, 525, 875, 555]</P>
    <P Name="ZOrder">2352</P>
    <P Name="VariableName">CurrX2</P>
    <P Name="MaxDataPoints">inf</P>
    <P Name="SaveFormat">Timeseries</P>
    <P Name="FixptAsFi">on</P>
    <P Name="SampleTime">-1</P>
  </Block>
  <Block BlockType="Reference" Name="UAV Animation" SID="228">
    <P Name="Ports">[2]</P>
    <P Name="Position">[1265, 479, 1395, 626]</P>
    <P Name="ZOrder">419</P>
    <P Name="BlockMirror">on</P>
    <P Name="HideAutomaticName">off</P>
    <P Name="LibraryVersion">2.0</P>
    <P Name="SourceBlock">uavutilslib/UAV Animation</P>
    <P Name="SourceType">uav.sluav.internal.system.UAVAnimation</P>
    <P Name="SourceProductBaseCode">UV</P>
    <InstanceData>
      <P Name="UAVType">FixedWing</P>
      <P Name="UAVSize">50</P>
      <P Name="InertialZDirection">Down</P>
      <P Name="SampleTime">0.01</P>
    </InstanceData>
  </Block>
  <Block BlockType="SubSystem" Name="Windless" SID="168">
    <P Name="Ports">[0, 1]</P>
    <P Name="Position">[1445, 357, 1525, 413]</P>
    <P Name="ZOrder">387</P>
    <P Name="BlockMirror">on</P>
    <P Name="RequestExecContextInheritance">off</P>
    <P Name="VariantControl">NoWind</P>
    <P Name="ContentPreviewEnabled">on</P>
    <System Ref="system_168"/>
  </Block>
  <Block BlockType="Gain" Name="rad_to_deg1" SID="234">
    <P Name="Position">[1180, 271, 1225, 309]</P>
    <P Name="ZOrder">2200</P>
    <P Name="Gain">(180*0.93)/pi</P>
    <Port>
      <P Name="PortNumber">1</P>
      <P Name="Name">Roll_Ref</P>
    </Port>
  </Block>
  <Block BlockType="From" Name="status1" SID="283">
    <P Name="Position">[325, 651, 365, 679]</P>
    <P Name="ZOrder">2266</P>
    <P Name="BackgroundColor">yellow</P>
    <P Name="GotoTag">status</P>
  </Block>
  <Line>
    <P Name="Name">RollAngle</P>
    <P Name="ZOrder">190</P>
    <P Name="Labels">[0, 0]</P>
    <P Name="Src">138#out:1</P>
    <P Name="Dst">234#in:1</P>
  </Line>
  <Line>
    <P Name="Name">&lt;Height&gt;</P>
    <P Name="ZOrder">1327</P>
    <P Name="Labels">[0, 0]</P>
    <P Name="Src">188#out:3</P>
    <P Name="Dst">340#in:1</P>
  </Line>
  <Line>
    <P Name="Name">&lt;RollAngle&gt;</P>
    <P Name="ZOrder">335</P>
    <P Name="Labels">[0, 0]</P>
    <P Name="Src">188#out:6</P>
    <P Name="Dst">192#in:3</P>
  </Line>
  <Line>
    <P Name="ZOrder">339</P>
    <P Name="Src">192#out:1</P>
    <P Name="Dst">189#in:1</P>
  </Line>
  <Line>
    <P Name="Name">Rotation</P>
    <P Name="ZOrder">443</P>
    <P Name="Labels">[1, 1]</P>
    <P Name="Src">189#out:1</P>
    <P Name="Dst">228#in:2</P>
  </Line>
  <Line>
    <P Name="Name">Translation</P>
    <P Name="ZOrder">441</P>
    <P Name="Labels">[-1, 0]</P>
    <P Name="Src">191#out:1</P>
    <P Name="Dst">228#in:1</P>
  </Line>
  <Line>
    <P Name="ZOrder">783</P>
    <P Name="Src">168#out:1</P>
    <P Name="Dst">202#in:1</P>
  </Line>
  <Line>
    <P Name="ZOrder">372</P>
    <P Name="Src">202#out:1</P>
    <P Name="Points">[-135, 0; 0, 63; -296, 0; 0, -93]</P>
    <P Name="Dst">187#in:3</P>
  </Line>
  <Line>
    <P Name="ZOrder">483</P>
    <P Name="Src">237#out:1</P>
    <P Name="Dst">241#in:1</P>
  </Line>
  <Line>
    <P Name="Name">Roll_Ref</P>
    <P Name="ZOrder">1090</P>
    <P Name="Labels">[0, 0]</P>
    <P Name="Src">234#out:1</P>
    <P Name="Points">[48, 0]</P>
    <Branch>
      <P Name="ZOrder">1126</P>
      <P Name="Points">[0, -224; -197, 0; 0, -21]</P>
      <P Name="Dst">321#in:1</P>
    </Branch>
    <Branch>
      <P Name="ZOrder">1125</P>
      <P Name="Dst">237#in:2</P>
    </Branch>
  </Line>
  <Line>
    <P Name="Name">Pitch_Ref</P>
    <P Name="ZOrder">484</P>
    <P Name="Labels">[0, 0]</P>
    <P Name="Src">235#out:1</P>
    <P Name="Dst">237#in:1</P>
  </Line>
  <Line>
    <P Name="ZOrder">193</P>
    <P Name="Src">139#out:1</P>
    <P Name="Dst">286#in:1</P>
  </Line>
  <Line>
    <P Name="ZOrder">525</P>
    <P Name="Src">241#out:1</P>
    <P Name="Dst">232#in:1</P>
  </Line>
  <Line>
    <P Name="ZOrder">585</P>
    <P Name="Src">232#out:1</P>
    <P Name="Points">[69, 0]</P>
    <Branch>
      <P Name="ZOrder">953</P>
      <P Name="Points">[0, 295]</P>
      <P Name="Dst">188#in:1</P>
    </Branch>
    <Branch>
      <P Name="ZOrder">949</P>
      <P Name="Dst">299#in:1</P>
    </Branch>
    <Branch>
      <P Name="ZOrder">882</P>
      <P Name="Points">[0, -135]</P>
      <P Name="Dst">139#in:1</P>
    </Branch>
  </Line>
  <Line>
    <P Name="Name">z_turnoff</P>
    <P Name="ZOrder">858</P>
    <P Name="Labels">[0, 0; -1, 0]</P>
    <P Name="Src">273#out:1</P>
    <P Name="Dst">261#in:10</P>
  </Line>
  <Line>
    <P Name="ZOrder">739</P>
    <P Name="Src">283#out:1</P>
    <P Name="Dst">287#in:1</P>
  </Line>
  <Line>
    <P Name="Name">V_final</P>
    <P Name="ZOrder">742</P>
    <P Name="Labels">[1, 1]</P>
    <P Name="Src">267#out:1</P>
    <P Name="Dst">261#in:4</P>
  </Line>
  <Line>
    <P Name="Name">SideslipAngle_final</P>
    <P Name="ZOrder">743</P>
    <P Name="Labels">[1, 1]</P>
    <P Name="Src">270#out:1</P>
    <P Name="Dst">261#in:7</P>
  </Line>
  <Line>
    <P Name="ZOrder">744</P>
    <P Name="Src">281#out:1</P>
    <P Name="Points">[32, 0; 0, -23; 63, 0; 0, -7]</P>
    <Branch>
      <P Name="ZOrder">1195</P>
      <P Name="Points">[8, 0; 0, -165]</P>
      <P Name="Dst">309#in:1</P>
    </Branch>
    <Branch>
      <P Name="ZOrder">1194</P>
      <P Name="Points">[0, -25]</P>
      <P Name="Dst">280#in:1</P>
    </Branch>
  </Line>
  <Line>
    <P Name="Name">FlightPathAngle_final</P>
    <P Name="ZOrder">745</P>
    <P Name="Labels">[0, 0]</P>
    <P Name="Src">268#out:1</P>
    <P Name="Dst">261#in:5</P>
  </Line>
  <Line>
    <P Name="ZOrder">746</P>
    <P Name="Src">261#out:1</P>
    <P Name="Points">[12, 0; 0, 85]</P>
    <P Name="Dst">288#in:1</P>
  </Line>
  <Line>
    <P Name="Name">x_final</P>
    <P Name="ZOrder">853</P>
    <P Name="Labels">[0, 0; -1, 0]</P>
    <P Name="Src">263#out:1</P>
    <P Name="Dst">261#in:1</P>
  </Line>
  <Line>
    <P Name="Name">z_final</P>
    <P Name="ZOrder">750</P>
    <P Name="Labels">[1, 1]</P>
    <P Name="Src">264#out:1</P>
    <P Name="Dst">274#in:1</P>
  </Line>
  <Line>
    <P Name="Name">y_final</P>
    <P Name="ZOrder">930</P>
    <P Name="Labels">[0, 0; -1, 0]</P>
    <P Name="Src">291#out:1</P>
    <P Name="Dst">261#in:2</P>
  </Line>
  <Line>
    <P Name="ZOrder">766</P>
    <P Name="Src">281#out:4</P>
    <P Name="Points">[132, 0; 0, -55]</P>
    <P Name="Dst">187#in:2</P>
  </Line>
  <Line>
    <P Name="Name">x_turnoff</P>
    <P Name="ZOrder">855</P>
    <P Name="Labels">[0, 0; -1, 0]</P>
    <P Name="Src">271#out:1</P>
    <P Name="Dst">261#in:8</P>
  </Line>
  <Line>
    <P Name="Name">HeadingAngle_final</P>
    <P Name="ZOrder">755</P>
    <P Name="Labels">[0, 0]</P>
    <P Name="Src">269#out:1</P>
    <P Name="Dst">341#in:1</P>
  </Line>
  <Line>
    <P Name="Name">z_final</P>
    <P Name="ZOrder">762</P>
    <P Name="Labels">[1, 1]</P>
    <P Name="Src">274#out:1</P>
    <P Name="Dst">261#in:3</P>
  </Line>
  <Line>
    <P Name="ZOrder">768</P>
    <P Name="Src">281#out:2</P>
    <P Name="Points">[27, 0; 0, 502; -182, 0; 0, -587; 223, 0; 0, 50]</P>
    <P Name="Dst">333#in:1</P>
  </Line>
  <Line>
    <P Name="ZOrder">1123</P>
    <P Name="Src">265#out:1</P>
    <P Name="Points">[13, 0; 0, -35]</P>
    <P Name="Dst">319#in:1</P>
  </Line>
  <Line>
    <P Name="ZOrder">821</P>
    <P Name="Src">286#out:1</P>
    <P Name="Points">[-116, 0; 0, 50]</P>
    <Branch>
      <P Name="ZOrder">764</P>
      <P Name="Points">[-431, 0; 0, 140]</P>
      <P Name="Dst">281#in:1</P>
    </Branch>
    <Branch>
      <P Name="ZOrder">537</P>
      <P Name="Points">[0, 90]</P>
      <P Name="Dst">187#in:1</P>
    </Branch>
  </Line>
  <Line>
    <P Name="ZOrder">822</P>
    <P Name="Src">287#out:1</P>
    <P Name="Dst">281#in:3</P>
  </Line>
  <Line>
    <P Name="ZOrder">823</P>
    <P Name="Src">288#out:1</P>
    <P Name="Points">[10, 0; 0, 70]</P>
    <P Name="Dst">281#in:2</P>
  </Line>
  <Line>
    <P Name="ZOrder">857</P>
    <P Name="Src">281#out:5</P>
    <P Name="Dst">289#in:1</P>
  </Line>
  <Line>
    <P Name="Name">&lt;North&gt;</P>
    <P Name="ZOrder">952</P>
    <P Name="Labels">[0, 0]</P>
    <P Name="Src">299#out:1</P>
    <P Name="Dst">298#in:1</P>
  </Line>
  <Line>
    <P Name="Name">&lt;East&gt;</P>
    <P Name="ZOrder">954</P>
    <P Name="Labels">[0, 0]</P>
    <P Name="Src">299#out:2</P>
    <P Name="Dst">297#in:1</P>
  </Line>
  <Line>
    <P Name="Name">&lt;Height&gt;</P>
    <P Name="ZOrder">955</P>
    <P Name="Labels">[0, 0]</P>
    <P Name="Src">299#out:3</P>
    <P Name="Dst">296#in:1</P>
  </Line>
  <Line>
    <P Name="Name">&lt;HeadingAngle&gt;</P>
    <P Name="ZOrder">956</P>
    <P Name="Labels">[0, 0]</P>
    <P Name="Src">299#out:4</P>
    <P Name="Dst">295#in:1</P>
  </Line>
  <Line>
    <P Name="Name">&lt;FlightPathAngle&gt;</P>
    <P Name="ZOrder">957</P>
    <P Name="Labels">[0, 0]</P>
    <P Name="Src">299#out:5</P>
    <P Name="Dst">294#in:1</P>
  </Line>
  <Line>
    <P Name="Name">&lt;RollAngle&gt;</P>
    <P Name="ZOrder">958</P>
    <P Name="Labels">[0, 0]</P>
    <P Name="Src">299#out:6</P>
    <P Name="Dst">301#in:1</P>
  </Line>
  <Line>
    <P Name="Name">y_turnoff</P>
    <P Name="ZOrder">856</P>
    <P Name="Labels">[0, 0; -1, 0]</P>
    <P Name="Src">272#out:1</P>
    <P Name="Dst">261#in:9</P>
  </Line>
  <Line>
    <P Name="ZOrder">327</P>
    <P Name="Src">187#out:1</P>
    <P Name="Points">[15, 0; 0, -20]</P>
    <Branch>
      <P Name="ZOrder">1085</P>
      <P Name="Dst">138#in:1</P>
    </Branch>
    <Branch>
      <P Name="ZOrder">1084</P>
      <P Name="Points">[0, -110]</P>
      <P Name="Dst">290#in:1</P>
    </Branch>
  </Line>
  <Line>
    <P Name="Name">&lt;FlightPathAngle&gt;</P>
    <P Name="ZOrder">1113</P>
    <P Name="Labels">[0, 0]</P>
    <P Name="Src">188#out:5</P>
    <P Name="Dst">192#in:2</P>
  </Line>
  <Line>
    <P Name="Name">HeadingAngle_turnoff</P>
    <P Name="ZOrder">1129</P>
    <P Name="Labels">[3, 1]</P>
    <P Name="Src">319#out:1</P>
    <P Name="Points">[-19, 0; 0, -15]</P>
    <P Name="Dst">261#in:11</P>
  </Line>
  <Line>
    <P Name="Name">&lt;HeadingAngle&gt;</P>
    <P Name="ZOrder">1100</P>
    <P Name="Labels">[-1, 1]</P>
    <P Name="Src">188#out:4</P>
    <P Name="Dst">337#in:1</P>
  </Line>
  <Line>
    <P Name="Name">&lt;North&gt;</P>
    <P Name="ZOrder">1322</P>
    <P Name="Labels">[0, 0]</P>
    <P Name="Src">188#out:1</P>
    <P Name="Dst">191#in:1</P>
  </Line>
  <Line>
    <P Name="Name">&lt;East&gt;</P>
    <P Name="ZOrder">1323</P>
    <P Name="Labels">[0, 0]</P>
    <P Name="Src">188#out:2</P>
    <P Name="Dst">191#in:2</P>
  </Line>
  <Line>
    <P Name="ZOrder">1325</P>
    <P Name="Src">281#out:3</P>
    <P Name="Points">[237, 0; 0, -125]</P>
    <P Name="Dst">336#in:1</P>
  </Line>
  <Line>
    <P Name="Name">HeadingAngle_turnoff</P>
    <P Name="ZOrder">1330</P>
    <P Name="Labels">[0, 0]</P>
    <P Name="Src">337#out:1</P>
    <P Name="Points">[-17, 0; 0, -111; 132, 0]</P>
    <P Name="Dst">338#in:1</P>
  </Line>
  <Line>
    <P Name="ZOrder">1329</P>
    <P Name="Src">339#out:1</P>
    <P Name="Points">[19, 0; 0, -36; -60, 0; 0, -29]</P>
    <P Name="Dst">338#in:2</P>
  </Line>
  <Line>
    <P Name="ZOrder">1331</P>
    <P Name="Src">338#out:1</P>
    <P Name="Points">[2, 0; 0, 36; -192, 0]</P>
    <P Name="Dst">192#in:1</P>
  </Line>
  <Line>
    <P Name="Name">HeadingAngle_turnoff</P>
    <P Name="ZOrder">1332</P>
    <P Name="Labels">[0, 0]</P>
    <P Name="Src">340#out:1</P>
    <P Name="Dst">191#in:3</P>
  </Line>
  <Line>
    <P Name="Name">HeadingAngle_turnoff</P>
    <P Name="ZOrder">1333</P>
    <P Name="Labels">[0, 0]</P>
    <P Name="Src">341#out:1</P>
    <P Name="Dst">261#in:6</P>
  </Line>
  <Line>
    <P Name="ZOrder">1391</P>
    <P Name="Src">281#out:6</P>
    <P Name="Dst">350#in:1</P>
  </Line>
  <Line>
    <P Name="ZOrder">1392</P>
    <P Name="Src">281#out:7</P>
    <P Name="Dst">349#in:1</P>
  </Line>
  <Line>
    <P Name="ZOrder">1393</P>
    <P Name="Src">281#out:8</P>
    <P Name="Dst">348#in:1</P>
  </Line>
  <Line>
    <P Name="ZOrder">1394</P>
    <P Name="Src">281#out:9</P>
    <P Name="Dst">347#in:1</P>
  </Line>
  <Line>
    <P Name="ZOrder">1395</P>
    <P Name="Src">281#out:10</P>
    <P Name="Dst">346#in:1</P>
  </Line>
  <Line>
    <P Name="ZOrder">1396</P>
    <P Name="Src">281#out:11</P>
    <P Name="Dst">345#in:1</P>
  </Line>
  <Line>
    <P Name="ZOrder">1397</P>
    <P Name="Src">281#out:14</P>
    <P Name="Dst">342#in:1</P>
  </Line>
  <Line>
    <P Name="ZOrder">1398</P>
    <P Name="Src">281#out:13</P>
    <P Name="Dst">343#in:1</P>
  </Line>
  <Line>
    <P Name="ZOrder">1399</P>
    <P Name="Src">281#out:12</P>
    <P Name="Dst">344#in:1</P>
  </Line>
  <Annotation SID="230">
    <P Name="Position">[470, 924, 1120, 1089]</P>
    <P Name="InternalMargins">[0, 0, 0, 0]</P>
    <P Name="FixedHeight">on</P>
    <P Name="FixedWidth">on</P>
    <P Name="ForegroundColor">[0.956863, 0.980392, 0.921569]</P>
    <P Name="BackgroundColor">[0.956863, 0.980392, 0.921569]</P>
    <P Name="DropShadow">on</P>
    <P Name="AnnotationType">area_annotation</P>
    <P Name="ZOrder">3238</P>
    <P Name="FontSize">12</P>
  </Annotation>
  <Annotation SID="207">
    <P Name="Name">&lt;!DOCTYPE HTML PUBLIC &quot;-//W3C//DTD HTML 4.0//EN&quot; &quot;http://www.w3.org/TR/REC-html40/strict.dtd&quot;&gt;
&lt;html&gt;&lt;head&gt;&lt;meta name=&quot;qrichtext&quot; content=&quot;1&quot; /&gt;&lt;style type=&quot;text/css&quot;&gt;
p, li { white-space: pre-wrap; }
&lt;/style&gt;&lt;/head&gt;&lt;body style=&quot; font-family:&apos;Helvetica&apos;; font-size:10px; font-weight:400; font-style:normal;&quot;&gt;
&lt;p style=&quot; margin-top:0px; margin-bottom:0px; margin-left:0px; margin-right:0px; -qt-block-indent:0; text-indent:0px;&quot;&gt;&lt;span style=&quot; font-size:14px; font-weight:600;&quot;&gt;Use the sliders to adjust tunable control parameters to test waypoint following behavior.&lt;/span&gt;&lt;/p&gt;&lt;/body&gt;&lt;/html&gt;</P>
    <P Name="Position">[501, 951, 1089, 969]</P>
    <P Name="InternalMargins">[0, 0, 0, 0]</P>
    <P Name="Interpreter">rich</P>
    <P Name="ZOrder">-2</P>
  </Annotation>
  <Annotation SID="198">
    <P Name="Name">Visualization and Logging</P>
    <P Name="Position">[1242, 439, 1672, 644]</P>
    <P Name="InternalMargins">[0, 0, 0, 0]</P>
    <P Name="FixedHeight">on</P>
    <P Name="FixedWidth">on</P>
    <P Name="ForegroundColor">[0.992157, 0.937255, 0.913725]</P>
    <P Name="BackgroundColor">[0.992157, 0.937255, 0.913725]</P>
    <P Name="DropShadow">on</P>
    <P Name="AnnotationType">area_annotation</P>
    <P Name="ZOrder">3237</P>
    <P Name="FontSize">12</P>
  </Annotation>
  <Annotation SID="197">
    <P Name="Name">High Fidelity Fixed Wing Dynamic Model</P>
    <P Name="Position">[1243, 74, 1673, 424]</P>
    <P Name="InternalMargins">[0, 0, 0, 0]</P>
    <P Name="FixedHeight">on</P>
    <P Name="FixedWidth">on</P>
    <P Name="ForegroundColor">[0.992157, 0.937255, 0.913725]</P>
    <P Name="BackgroundColor">[0.992157, 0.937255, 0.913725]</P>
    <P Name="DropShadow">on</P>
    <P Name="AnnotationType">area_annotation</P>
    <P Name="ZOrder">3236</P>
    <P Name="FontSize">12</P>
  </Annotation>
  <Annotation SID="196">
    <P Name="Name">Waypoint Following Controller</P>
    <P Name="Position">[130, 72, 1230, 1147]</P>
    <P Name="InternalMargins">[0, 0, 0, 0]</P>
    <P Name="FixedHeight">on</P>
    <P Name="FixedWidth">on</P>
    <P Name="ForegroundColor">[0.992157, 0.937255, 0.913725]</P>
    <P Name="BackgroundColor">[0.992157, 0.937255, 0.913725]</P>
    <P Name="DropShadow">on</P>
    <P Name="AnnotationType">area_annotation</P>
    <P Name="ZOrder">3235</P>
    <P Name="FontSize">12</P>
  </Annotation>
</System>
