<?xml version="1.0" encoding="UTF-8" standalone="yes" ?><cp:coreProperties xmlns:cp="http://schemas.openxmlformats.org/package/2006/metadata/core-properties" xmlns:dc="http://purl.org/dc/elements/1.1/" xmlns:dcmitype="http://purl.org/dc/dcmitype/" xmlns:dcterms="http://purl.org/dc/terms/" xmlns:xsi="http://www.w3.org/2001/XMLSchema-instance"><cp:category>model</cp:category><dcterms:created xsi:type="dcterms:W3CDTF">2017-12-21T18:42:31Z</dcterms:created><dc:creator>The MathWorks, Inc.</dc:creator><cp:lastModifiedBy>hgu8</cp:lastModifiedBy><dcterms:modified xsi:type="dcterms:W3CDTF">2022-03-24T21:55:18Z</dcterms:modified><cp:revision>3.253</cp:revision><cp:version>R2021a</cp:version></cp:coreProperties>