<?xml version="1.0" encoding="utf-8"?>
<chart id="57">
  <P Name="name">MATLAB Function2</P>
  <P Name="windowPosition">[422 539.941 189 413]</P>
  <P Name="viewLimits">[0 156.75 0 153.75]</P>
  <P Name="screen">[1 1 3600 1200 1.180555555555556]</P>
  <P Name="viewObj">57</P>
  <P Name="visible">1</P>
  <subviewS/>
  <P Name="ssIdHighWaterMark">55</P>
  <P Name="decomposition">CLUSTER_CHART</P>
  <P Name="type">EML_CHART</P>
  <P Name="chartFileNumber">1</P>
  <P Name="disableImplicitCasting">1</P>
  <eml>
    <P Name="name">Waypoint_Follower_Test</P>
  </eml>
  <Children>
    <state SSID="1">
      <P Name="labelString">eML_blk_kernel()</P>
      <P Name="position">[18 64.5 118 66]</P>
      <P Name="fontSize">12</P>
      <P Name="superState">SUBCHART</P>
      <P Name="subviewer">57</P>
      <P Name="type">FUNC_STATE</P>
      <P Name="decomposition">CLUSTER_STATE</P>
      <eml>
        <P Name="isEML">1</P>
        <P Name="script">function [status, distance, distancef, DesiredHeading,Cross_Tracking_Error,CurrX1,CurrY1,CurrZ1,CurrX2,CurrY2,CurrZ2,CurrX3,CurrY3,CurrZ3] = Waypoint_Follower_Test(FixedWingStateBus,ConfigureStatus,state)

%% before running this planning algorithm, You are suppose to test trjectory following algorithm at three different status invidsually so that adjust parameters in while condition.

    % initialize some variable to avoid the bug not fully defined on execuation
    % path   
    DesiredHeading = 0;
    Cross_Tracking_Error = 0;
    % Current and Final states %
    xi     =   FixedWingStateBus.North;          % Current x-axis position (m)
    yi     =   FixedWingStateBus.East;          % Current y-axis position (m)
    zi     =   FixedWingStateBus.Height;          % Current z-axis position (m)
    %Vi     =   FlightState.V;          % Current forward velocity (m/s)
    gammai =   FixedWingStateBus.FlightPathAngle;          % Current flight path angle (rad)
    psii   =   atan2(sin(FixedWingStateBus.HeadingAngle) , cos(FixedWingStateBus.HeadingAngle));          % Current heading angle phi (rad)
    betai  =   0;          % Current sideslip angle (rad)

    xf     =   ConfigureStatus.x_final;          % Final x-axis position (ft)
    yf     =   ConfigureStatus.y_final;          % Final y-axis position (ft)
    zf     =   ConfigureStatus.z_final;         % Final z-axis position (ft)
    Vf     =   ConfigureStatus.V_final;         % Final forward velocity (ft/s)
    gammaf =   ConfigureStatus.FlightPathAngle_final;         % Final flight path angle (rad)
    psif   =   atan2(sin(ConfigureStatus.HeadingAngle_final) , cos(ConfigureStatus.HeadingAngle_final));         % Final heading angle phi (rad)
    betaf  =   ConfigureStatus.SideslipAngle_final;         % Final sideslip angle (rad)

    % Positon Where engine is broken
    xb     =   ConfigureStatus.x_turnoff;
    yb     =   ConfigureStatus.y_turnoff;
    zb     =   ConfigureStatus.z_turnoff; 
    psib   =   atan2(sin(ConfigureStatus.HeadingAngle_turnoff) , cos(ConfigureStatus.HeadingAngle_turnoff)); % convert range (0~360) to (-pi~pi)
    % Mission phase
    status =   state;         % Mission phase

    %%
    Rl         =   1016;                                  % Loiter radius (m)
    xl         =   xf + 7 * Rl * cos(psif - pi);          % Shifting the x-axis center of loitering 
    yl         =   yf + 7 * Rl * sin(psif - pi);          % Shifting the x-axis center of loitering
    xu         =   xl + Rl * cos(psif - pi);
    yu         =   yl + Rl * sin(psif - pi);
    
    distance   =   sqrt((xi-xl)^2+(yi-yl)^2);             % Distance to loitering center
    % Call function for conducting planned path
    distancef  =   sqrt((xi-xf)^2+(yi-yf)^2);
    za = 1000;
    count_A = 0;
    count_C = 0;
    count_B = 0;
    CurrX1 = 0;
    CurrY1 = 0;
    CurrZ1 = 0;
    CurrX2 = 0;
    CurrY2 = 0;
    CurrZ2 = 0;
    CurrX3 = 0;
    CurrY3 = 0;
    CurrZ3 = 0;
    if(distance &gt; 2000 &amp;&amp; zi&gt;za)    %  Cruise mode: Far away from landing site %% if condition has problem
        
        status = 1;
        count_A = count_A +1; 
        if(count_A &lt;=1)
            CurrX1 = xi;
            CurrY1 = yi;
            CurrZ1 = zi;
        end
%% Parameters for Straight Line Chasing
delta = 1000; %distance of the look ahead point
W_i = [0 0];%straight line origin
W_ip1 = [(xl-xb) (yl-yb)];  %straight line destination
%^^^^^^^^^^^^^^^^^^^^^Update UAV movements^^^^^^^^^^^^^^^^^^^^^^^^^
P_new = [(xi-xb) (yi-yb) zi];
psi_new = psii;
%% consider to replace P_new with a real time position
%if(P_new(1)&gt;W_ip1(1) &amp;&amp; P_new(2)&gt;W_ip1(2))
if(distance&gt;2000 &amp;&amp; zi&gt;za)
% while condition is up to broken position and final landing position, before defining it, do test program first.

path_g = abs (((P_new(1) - W_i(1))^2) + ((P_new(2) - W_i(2))^2)) ^(1/2); %Calculation of UAV distance from origin
theta = atan2((W_ip1(2)-W_i(2)),(W_ip1(1)-W_i(1))); %path angle calculation
thetau = atan2((P_new(2)-W_i(2)),P_new(1)-W_i(1));  %UAV path angle from origin

l_d=theta-thetau;
Ru=((path_g^2)-((path_g*sin(l_d))^2))^(1/2);
%^^^^^^^^^^^^^^^^^^^^^^Definition of the look ahead point^^^^^^^^^^^^^^^^^^
x_i = ((Ru)+delta)*(cos(theta));
y_i = ((Ru)+delta)*(sin(theta));
p_i = [x_i y_i];
psi_d = atan2((y_i-(P_new(2))),(x_i-(P_new(1)))); %calculation of desired heading angle
    
if psi_d &gt;=0
   DesiredHeading = -psi_d-pi;
elseif psi_d &lt; 0
   DesiredHeading = -(psi_d + 2*pi)-pi;
end

Cross_Tracking_Error = (abs(Ru^2 - path_g^2))^(1/2);

end
%}                     


    elseif(distance&lt;2000 &amp;&amp; zi&gt;za)      % Loiter mode: Close to the landing site, but a high altitude
       
       status = 2; 
       count_B = count_B +1; 
        if(count_B &lt;=1)
            CurrX2 = xi;
            CurrY2 = yi;
            CurrZ2 = zi;
        end
%% Parameters for loiter Chasing %%
    r = 1016; %radius of loiter curve(for test need we customize the radius, the actual value is loiter radius)
    %O = [xb 1500+yb]; %center of loiter or circular orbit(for test need we customize the loiter center, the actual loiter center is loiter center calculated before)
    O = [xl yl];
    delta = 0.3; %look ahead position
%^^^^^^^^^^^^^^^^^^^^^Update UAV movements^^^^^^^^^^^^^^^^^^^^^^^^^
    %P_new = [FixedWingStateBus.North FixedWingStateBus.East FixedWingStateBus.Height];
    P_new = [xi yi 0];
    psi_new = psii;

    if (distance&lt;2000 &amp;&amp; zi&gt;za)
    Ru = abs ((((P_new(1) - O(1))^2) + ((P_new(2) - O(2))^2)) ^(1/2)-r);%Calculation of UAV distance from center
    theta_new = atan2((P_new(2)-O(2)),(P_new(1)-O(1))); %new path angle calculation
    x_i = ((r*(cos(theta_new+delta)))+O(1));
    y_i = ((r*(sin(theta_new+delta)))+O(2));
    psi_d = atan2((y_i-P_new(2)),(x_i-P_new(1)));%calculation of desired heading angle
    %Desired Heading Angle is very important!!!it is different with that of
    %low fidelity test program.
    if psi_d &gt;=0
       DesiredHeading = -psi_d-pi;
    elseif psi_d &lt; 0
       DesiredHeading = -(psi_d + 2*pi)-pi;
    end

    Cross_Tracking_Error = (abs(((O(1)-P_new(1))^2)+((O(2)-P_new(2))^2))^(1/2))-r;
    end

%}

   else           % Approach to the landing strip
     
               
%% Parameters for Straight Line Chasing
    delta = 1000; %distance of the look ahead point
    W_i = [0 0]; %straight line origin
    W_ip1 = [(xf-xu) (yf-yu)]; %straight line destination suggestion!!! set y coordinate of reference line as zero to reduce the cross tracking error

%^^^^^^^^^^^^^^^^^^^^^Update UAV movements^^^^^^^^^^^^^^^^^^^^^^^^^
   %P_new = [(xi-xb) (yi-yb) zi];%() is very important!
 
   P_new = [(xi-xu) (yi-yu) zi];
   psi_new = psii;  
   %% consider to replace P_new with a real time position
  % if (P_new(1)&lt;W_ip1(1) &amp;&amp; P_new(1)&lt;W_ip1(2))
   if (zi&lt;za)
   status = 3;  
          count_C = count_C +1; 
        if(count_C &lt;=1)
            CurrX3 = xi;
            CurrY3 = yi;
            CurrZ3 = zi;
        end
   path_g = abs (((P_new(1) - W_i(1))^2) + ((P_new(2) - W_i(2))^2)) ^(1/2); %Calculation of UAV distance from origin
   theta = atan2((W_ip1(2)-W_i(2)),(W_ip1(1)-W_i(1))); %path angle calculation
   thetau = atan2((P_new(2)-W_i(2)),P_new(1)-W_i(1));%UAV path angle from origin

   l_d=theta-thetau;
   Ru=((path_g^2)-((path_g*sin(l_d))^2))^(1/2);
%^^^^^^^^^^^^^^^^^^^^^^Definition of the look ahead point^^^^^^^^^^^^^^^^^^
   x_i = ((Ru)+delta)*(cos(theta));
   y_i = ((Ru)+delta)*(sin(theta));
   p_i = [x_i y_i];
   psi_d = atan2((y_i-(P_new(2))),(x_i-(P_new(1)))); %calculation of desired heading angle
    
    if psi_d &gt;=0
       DesiredHeading = -psi_d-pi;
    elseif psi_d &lt; 0
       DesiredHeading = -(psi_d + 2*pi)-pi;
    end
   Cross_Tracking_Error = (abs(Ru^2 - path_g^2))^(1/2);
        
    end
   
    end
end
</P>
        <P Name="editorLayout" Class="double">Matrix(4,1)
[10.0, 5.0, 700.0, 500.0]</P>
      </eml>
    </state>
    <data SSID="5" name="status">
      <P Name="scope">OUTPUT_DATA</P>
      <props>
        <array>
          <P Name="size">-1</P>
        </array>
        <type>
          <P Name="method">SF_INHERITED_TYPE</P>
          <P Name="primitive">SF_DOUBLE_TYPE</P>
        </type>
        <P Name="complexity">SF_COMPLEX_INHERITED</P>
        <P Name="frame">SF_FRAME_NO</P>
        <unit>
          <P Name="name">inherit</P>
        </unit>
      </props>
      <P Name="dataType">Inherit: Same as Simulink</P>
    </data>
    <data SSID="32" name="distance">
      <P Name="scope">OUTPUT_DATA</P>
      <props>
        <array>
          <P Name="size">-1</P>
        </array>
        <type>
          <P Name="method">SF_INHERITED_TYPE</P>
          <P Name="primitive">SF_DOUBLE_TYPE</P>
          <P Name="isSigned">1</P>
          <P Name="wordLength">16</P>
        </type>
        <P Name="complexity">SF_COMPLEX_INHERITED</P>
        <P Name="frame">SF_FRAME_NO</P>
        <unit>
          <P Name="name">inherit</P>
        </unit>
      </props>
      <P Name="dataType">Inherit: Same as Simulink</P>
    </data>
    <data SSID="46" name="distancef">
      <P Name="scope">OUTPUT_DATA</P>
      <props>
        <array>
          <P Name="size">-1</P>
        </array>
        <type>
          <P Name="method">SF_INHERITED_TYPE</P>
          <P Name="primitive">SF_DOUBLE_TYPE</P>
          <P Name="isSigned">1</P>
          <P Name="wordLength">16</P>
        </type>
        <P Name="complexity">SF_COMPLEX_INHERITED</P>
        <P Name="frame">SF_FRAME_NO</P>
        <unit>
          <P Name="name">inherit</P>
        </unit>
      </props>
      <P Name="dataType">Inherit: Same as Simulink</P>
    </data>
    <data SSID="26" name="DesiredHeading">
      <P Name="scope">OUTPUT_DATA</P>
      <props>
        <array>
          <P Name="size">-1</P>
        </array>
        <type>
          <P Name="method">SF_INHERITED_TYPE</P>
          <P Name="primitive">SF_DOUBLE_TYPE</P>
          <P Name="isSigned">1</P>
          <P Name="wordLength">16</P>
        </type>
        <P Name="complexity">SF_COMPLEX_INHERITED</P>
        <P Name="frame">SF_FRAME_NO</P>
        <unit>
          <P Name="name">inherit</P>
        </unit>
      </props>
      <P Name="dataType">Inherit: Same as Simulink</P>
    </data>
    <data SSID="4" name="FixedWingStateBus">
      <P Name="scope">INPUT_DATA</P>
      <props>
        <array>
          <P Name="size">-1</P>
        </array>
        <type>
          <P Name="method">SF_INHERITED_TYPE</P>
          <P Name="primitive">SF_DOUBLE_TYPE</P>
        </type>
        <P Name="complexity">SF_COMPLEX_INHERITED</P>
        <unit>
          <P Name="name">inherit</P>
        </unit>
      </props>
      <P Name="dataType">Inherit: Same as Simulink</P>
    </data>
    <data SSID="6" name="ConfigureStatus">
      <P Name="scope">INPUT_DATA</P>
      <props>
        <array>
          <P Name="size">-1</P>
        </array>
        <type>
          <P Name="method">SF_INHERITED_TYPE</P>
          <P Name="primitive">SF_DOUBLE_TYPE</P>
          <P Name="isSigned">1</P>
          <P Name="wordLength">16</P>
        </type>
        <P Name="complexity">SF_COMPLEX_INHERITED</P>
        <P Name="frame">SF_FRAME_INHERITED</P>
        <unit>
          <P Name="name">inherit</P>
        </unit>
      </props>
      <P Name="dataType">Inherit: Same as Simulink</P>
    </data>
    <data SSID="7" name="state">
      <P Name="scope">INPUT_DATA</P>
      <props>
        <array>
          <P Name="size">-1</P>
        </array>
        <type>
          <P Name="method">SF_INHERITED_TYPE</P>
          <P Name="primitive">SF_DOUBLE_TYPE</P>
          <P Name="isSigned">1</P>
          <P Name="wordLength">16</P>
        </type>
        <P Name="complexity">SF_COMPLEX_INHERITED</P>
        <P Name="frame">SF_FRAME_INHERITED</P>
        <unit>
          <P Name="name">inherit</P>
        </unit>
      </props>
      <P Name="dataType">Inherit: Same as Simulink</P>
    </data>
    <data SSID="45" name="Cross_Tracking_Error">
      <P Name="scope">OUTPUT_DATA</P>
      <props>
        <array>
          <P Name="size">-1</P>
        </array>
        <type>
          <P Name="method">SF_INHERITED_TYPE</P>
          <P Name="primitive">SF_DOUBLE_TYPE</P>
          <P Name="isSigned">1</P>
          <P Name="wordLength">16</P>
        </type>
        <P Name="complexity">SF_COMPLEX_INHERITED</P>
        <P Name="frame">SF_FRAME_NO</P>
        <unit>
          <P Name="name">inherit</P>
        </unit>
      </props>
      <P Name="dataType">Inherit: Same as Simulink</P>
    </data>
    <data SSID="47" name="CurrX1">
      <P Name="scope">OUTPUT_DATA</P>
      <props>
        <array>
          <P Name="size">-1</P>
        </array>
        <type>
          <P Name="method">SF_INHERITED_TYPE</P>
          <P Name="primitive">SF_DOUBLE_TYPE</P>
          <P Name="isSigned">1</P>
          <P Name="wordLength">16</P>
        </type>
        <P Name="complexity">SF_COMPLEX_INHERITED</P>
        <P Name="frame">SF_FRAME_NO</P>
        <unit>
          <P Name="name">inherit</P>
        </unit>
      </props>
      <P Name="dataType">Inherit: Same as Simulink</P>
    </data>
    <data SSID="48" name="CurrY1">
      <P Name="scope">OUTPUT_DATA</P>
      <props>
        <array>
          <P Name="size">-1</P>
        </array>
        <type>
          <P Name="method">SF_INHERITED_TYPE</P>
          <P Name="primitive">SF_DOUBLE_TYPE</P>
          <P Name="isSigned">1</P>
          <P Name="wordLength">16</P>
        </type>
        <P Name="complexity">SF_COMPLEX_INHERITED</P>
        <P Name="frame">SF_FRAME_NO</P>
        <unit>
          <P Name="name">inherit</P>
        </unit>
      </props>
      <P Name="dataType">Inherit: Same as Simulink</P>
    </data>
    <data SSID="49" name="CurrZ1">
      <P Name="scope">OUTPUT_DATA</P>
      <props>
        <array>
          <P Name="size">-1</P>
        </array>
        <type>
          <P Name="method">SF_INHERITED_TYPE</P>
          <P Name="primitive">SF_DOUBLE_TYPE</P>
          <P Name="isSigned">1</P>
          <P Name="wordLength">16</P>
        </type>
        <P Name="complexity">SF_COMPLEX_INHERITED</P>
        <P Name="frame">SF_FRAME_NO</P>
        <unit>
          <P Name="name">inherit</P>
        </unit>
      </props>
      <P Name="dataType">Inherit: Same as Simulink</P>
    </data>
    <data SSID="50" name="CurrX2">
      <P Name="scope">OUTPUT_DATA</P>
      <props>
        <array>
          <P Name="size">-1</P>
        </array>
        <type>
          <P Name="method">SF_INHERITED_TYPE</P>
          <P Name="primitive">SF_DOUBLE_TYPE</P>
          <P Name="isSigned">1</P>
          <P Name="wordLength">16</P>
        </type>
        <P Name="complexity">SF_COMPLEX_INHERITED</P>
        <P Name="frame">SF_FRAME_NO</P>
        <unit>
          <P Name="name">inherit</P>
        </unit>
      </props>
      <P Name="dataType">Inherit: Same as Simulink</P>
    </data>
    <data SSID="51" name="CurrY2">
      <P Name="scope">OUTPUT_DATA</P>
      <props>
        <array>
          <P Name="size">-1</P>
        </array>
        <type>
          <P Name="method">SF_INHERITED_TYPE</P>
          <P Name="primitive">SF_DOUBLE_TYPE</P>
          <P Name="isSigned">1</P>
          <P Name="wordLength">16</P>
        </type>
        <P Name="complexity">SF_COMPLEX_INHERITED</P>
        <P Name="frame">SF_FRAME_NO</P>
        <unit>
          <P Name="name">inherit</P>
        </unit>
      </props>
      <P Name="dataType">Inherit: Same as Simulink</P>
    </data>
    <data SSID="52" name="CurrZ2">
      <P Name="scope">OUTPUT_DATA</P>
      <props>
        <array>
          <P Name="size">-1</P>
        </array>
        <type>
          <P Name="method">SF_INHERITED_TYPE</P>
          <P Name="primitive">SF_DOUBLE_TYPE</P>
          <P Name="isSigned">1</P>
          <P Name="wordLength">16</P>
        </type>
        <P Name="complexity">SF_COMPLEX_INHERITED</P>
        <P Name="frame">SF_FRAME_NO</P>
        <unit>
          <P Name="name">inherit</P>
        </unit>
      </props>
      <P Name="dataType">Inherit: Same as Simulink</P>
    </data>
    <data SSID="53" name="CurrX3">
      <P Name="scope">OUTPUT_DATA</P>
      <props>
        <array>
          <P Name="size">-1</P>
        </array>
        <type>
          <P Name="method">SF_INHERITED_TYPE</P>
          <P Name="primitive">SF_DOUBLE_TYPE</P>
          <P Name="isSigned">1</P>
          <P Name="wordLength">16</P>
        </type>
        <P Name="complexity">SF_COMPLEX_INHERITED</P>
        <P Name="frame">SF_FRAME_NO</P>
        <unit>
          <P Name="name">inherit</P>
        </unit>
      </props>
      <P Name="dataType">Inherit: Same as Simulink</P>
    </data>
    <data SSID="54" name="CurrY3">
      <P Name="scope">OUTPUT_DATA</P>
      <props>
        <array>
          <P Name="size">-1</P>
        </array>
        <type>
          <P Name="method">SF_INHERITED_TYPE</P>
          <P Name="primitive">SF_DOUBLE_TYPE</P>
          <P Name="isSigned">1</P>
          <P Name="wordLength">16</P>
        </type>
        <P Name="complexity">SF_COMPLEX_INHERITED</P>
        <P Name="frame">SF_FRAME_NO</P>
        <unit>
          <P Name="name">inherit</P>
        </unit>
      </props>
      <P Name="dataType">Inherit: Same as Simulink</P>
    </data>
    <data SSID="55" name="CurrZ3">
      <P Name="scope">OUTPUT_DATA</P>
      <props>
        <array>
          <P Name="size">-1</P>
        </array>
        <type>
          <P Name="method">SF_INHERITED_TYPE</P>
          <P Name="primitive">SF_DOUBLE_TYPE</P>
          <P Name="isSigned">1</P>
          <P Name="wordLength">16</P>
        </type>
        <P Name="complexity">SF_COMPLEX_INHERITED</P>
        <P Name="frame">SF_FRAME_NO</P>
        <unit>
          <P Name="name">inherit</P>
        </unit>
      </props>
      <P Name="dataType">Inherit: Same as Simulink</P>
    </data>
    <transition SSID="2">
      <P Name="labelString">{eML_blk_kernel();}</P>
      <P Name="labelPosition">[28.125 13.875 102.544 14.964]</P>
      <P Name="fontSize">12</P>
      <src>
        <P Name="intersection">[0 0 1 0 23.5747 14.625 0 0]</P>
      </src>
      <dst>
        <P Name="SSID">3</P>
        <P Name="intersection">[1 0 -1 0 23.5747 42.5747 0 0]</P>
      </dst>
      <P Name="midPoint">[23.5747 24.9468]</P>
      <P Name="dataLimits">[21.175 25.975 14.625 42.575]</P>
      <P Name="subviewer">57</P>
      <P Name="drawStyle">SMART</P>
      <slide>
        <P Name="sticky">BOTH_STICK</P>
      </slide>
      <P Name="executionOrder">1</P>
    </transition>
    <junction SSID="3">
      <P Name="position">[23.5747 49.5747 7]</P>
      <P Name="subviewer">57</P>
      <P Name="type">CONNECTIVE_JUNCTION</P>
    </junction>
  </Children>
</chart>
