<?xml version="1.0" encoding="utf-8"?>
<Stateflow>
  <machine id="56">
    <P Name="sfVersion">80000041</P>
    <P Name="sfDemoChecksum">[2591486691 3930115956 26063332 4219837800]</P>
    <Children>
      <target id="89" name="sfun">
        <P Name="description">Default Simulink S-Function Target.</P>
      </target>
      <target id="90" name="rtw"/>
      <chart Ref="chart_57"/>
      <chart Ref="chart_79"/>
    </Children>
  </machine>
  <instance id="78">
    <P Name="machine">56</P>
    <P Name="name">MATLAB Function2</P>
    <P Name="chart">57</P>
  </instance>
  <instance id="88">
    <P Name="machine">56</P>
    <P Name="name">Heading Control</P>
    <P Name="chart">79</P>
  </instance>
</Stateflow>
